Scope,Operation,Status Code,Reason
/subscriptions/354e16b1-a3dd-4cc2-b271-4e7429e5fa75/resourceGroups/VNET-PA-NET-BLKBRG-01/providers/Microsoft.Network/networkInterfaces/AZR14EUSWIN02-N,begin_get_effective_route_table,400,"(NicMustBeAttachedToRunningVmToGetEffectiveRoutes) A network interface must be attached to a running virtual machine to get effective routes. The network interface /subscriptions/354e16b1-a3dd-4cc2-b271-4e7429e5fa75/resourceGroups/vnet-pa-net-blkbrg-01/providers/Microsoft.Network/networkInterfaces/AZR14EUSWIN02-N is not attached to a running virtual machine.
Code: NicMustBeAttachedToRunningVmToGetEffectiveRoutes
Message: A network interface must be attached to a running virtual machine to get effective routes. The network interface /subscriptions/354e16b1-a3dd-4cc2-b271-4e7429e5fa75/resourceGroups/vnet-pa-net-blkbrg-01/providers/Microsoft.Network/networkInterfaces/AZR14EUSWIN02-N is not attached to a running virtual machine."
/subscriptions/354e16b1-a3dd-4cc2-b271-4e7429e5fa75/resourceGroups/AVD-POC/providers/Microsoft.Network/networkInterfaces/AVD-KV-02-NIC,begin_get_effective_route_table,400,"(NicMustBeAttachedToRunningVmToGetEffectiveRoutes) A network interface must be attached to a running virtual machine to get effective routes. The network interface /subscriptions/354e16b1-a3dd-4cc2-b271-4e7429e5fa75/resourceGroups/AVD-POC/providers/Microsoft.Network/networkInterfaces/avd-kv-02-nic is not attached to a running virtual machine.
Code: NicMustBeAttachedToRunningVmToGetEffectiveRoutes
Message: A network interface must be attached to a running virtual machine to get effective routes. The network interface /subscriptions/354e16b1-a3dd-4cc2-b271-4e7429e5fa75/resourceGroups/AVD-POC/providers/Microsoft.Network/networkInterfaces/avd-kv-02-nic is not attached to a running virtual machine."
/subscriptions/354e16b1-a3dd-4cc2-b271-4e7429e5fa75/resourceGroups/W365-CONNECTED-FENXT/providers/Microsoft.Network/networkInterfaces/NIC-CPC-HTH-9PU0E4BF9B0HBFA-2024-01-28,begin_get_effective_route_table,400,"(NicMustBeAttachedToRunningVmToGetEffectiveRoutes) A network interface must be attached to a running virtual machine to get effective routes. The network interface /subscriptions/354e16b1-a3dd-4cc2-b271-4e7429e5fa75/resourceGroups/w365-connected-fenxt/providers/Microsoft.Network/networkInterfaces/nic-CPC-Hth-9pu0e4BF9b0hbFA-2024-01-28 is not attached to a running virtual machine.
Code: NicMustBeAttachedToRunningVmToGetEffectiveRoutes
Message: A network interface must be attached to a running virtual machine to get effective routes. The network interface /subscriptions/354e16b1-a3dd-4cc2-b271-4e7429e5fa75/resourceGroups/w365-connected-fenxt/providers/Microsoft.Network/networkInterfaces/nic-CPC-Hth-9pu0e4BF9b0hbFA-2024-01-28 is not attached to a running virtual machine."
