SEP=,
SUBSCRIPTION NAME,SUBSCRIPTION ID,MY ROLE,CURRENT COST,SECURE SCORE,PARENT MANAGEMENT GROUP,STATUS,
"Cyber Security Dev","2f4d019b-4a08-45a1-a092-a52427a9fc17","Reader","$66.94","39","CS Non-Prod","Active"
"Cyber Security Test","11a6fb25-e963-4503-9f13-2f400ca2ad2a","Reader","$1,197.08","49","CS Non-Prod","Active"
"Cyber Security EKSM","32f5a960-3421-42f3-bf4d-192f33fc6009","Reader","$0.31","25","CS Prod","Active"
"Cyber Security Prod","97df6729-2a4f-4376-a3bd-2bf103f9ee7a","Reader","$1,462.31","37","CS Prod","Active"
"Blackbaud Labs","e0aa9adb-1c83-4994-82cb-d1d2c41b49ef","Reader","$4.42","38","Blackbaud RDO - Internal - Dev","Active"
"Visual Studio Online","dbc0f4f1-51b4-4a46-a4d8-4cb3039ab9fc","Reader","$15.73","-","Blackbaud RDO","Active"
"CSOps - Data & Automation Engineering","247a5cb1-08b6-4ae7-bf62-44c93cb1a472","Reader","$29.30","31","Blackbaud RDO - Internal - Non-prod","Active"
"Strategic Content Development (Docs)","cee137c9-23d5-446d-ba28-9c3f31ac37c6","Reader","$9.36","60","Blackbaud RDO - Engineering System - Dev","Active"
"Cust-Ops VSTS","a02305d7-334c-43de-b4f1-1c180b32f1f2","Reader","$52.41","-","Blackbaud RDO - Customer Success - Dev","Active"
"CustOps - Dev","ebe33ccf-e94b-458e-bef5-639ab3d7d7d9","Reader","$1,082.13","26","Blackbaud RDO - Customer Success - Dev","Active"
"B2C Testing for Identity Management","b45b121a-454b-46c0-9a62-e1780efcc34c","Reader","0.00","-","Blackbaud RDO - Internal - Dev","Active"
"p-aus01","61128873-7a55-425e-adc8-59bdba75d668","Reader","$9,656.80","33","Blackbaud RDO - Engineering System - Prod","Active"
"p-can01","a04a9ac3-f136-4f02-8eb1-9fbd4c805f50","Reader","$6,771.27","36","Blackbaud RDO - Engineering System - Prod","Active"
"p-eur01","9e37b779-7f77-4259-ade8-f9600cb7b49d","Reader","$7,059.11","34","Blackbaud RDO - Engineering System - Prod","Active"
"Dev - D06","aa89a992-d05f-4885-baa0-eb7b605946a3","Reader","$402.06","25","Blackbaud RDO - BLKB CRM_eTapestry_Financial Edge_Raisers Edge - Dev","Active"
"Dev - D07","cc085d57-0f75-4941-9818-b3bf86d50b29","Reader","$881.08","41","Blackbaud RDO - Fundraiser Perf Mgmt_Guided Fundraising_Vol Network Fundraising - Dev","Active"
"NXT APIM Dev","9741d14a-9c15-4d95-956d-d58ae026d234","Reader","$78.34","75","Blackbaud RDO - Engineering System - Dev","Active"
"Dev - D40","38dc1973-b3ec-4db8-8f42-f76fc59e65b0","Reader","$3,322.79","43","Blackbaud RDO - YC - Dev","Active"
"dp-d-usa01","4ea3d908-134c-4c53-a466-507ef4ea4c4b","Reader","$1,196.97","42","Blackbaud RDO - Data Platform - Dev","Active"
"dp-t-usa01","d675d3ff-a488-4f43-9f38-8c7a97483f49","Reader","$685.29","53","Blackbaud RDO - Data Platform - Non-prod","Active"
"d-reg01","c7074d25-5ec2-4285-b9fb-5ad5a11bc8a5","Reader","0.00","-","Blackbaud RDO - Engineering System - Dev","Active"
"Test - T07","68a6884b-5104-498c-aff1-cfcc392328df","Reader","$983.88","40","Blackbaud RDO - Fundraiser Perf Mgmt_Guided Fundraising_Vol Network Fundraising - Non-prod","Active"
"Production - API Management","289fb8d7-c066-49c5-90f6-c2bcc2208905","Reader","$2,046.41","70","Blackbaud RDO - Engineering System - Prod","Active"
"Test - T11","70a515a1-b8b9-4e21-85e3-74440b3ca393","Reader","$0.47","20","Blackbaud RDO - Altru_BLKB CRM_Financial Edge_BBNC_Raisers Edge_Research Point - Non-prod","Active"
"Test - T13","27ce0bfe-5d07-4ce7-ad76-0ff5c2275be7","Reader","$17.97","41","Blackbaud RDO - Blackbaud Communication Services - Non-prod","Active"
"Test - T40","a652b44a-49fd-43a1-9536-492074df3f27","Reader","$2,510.77","40","Blackbaud RDO - YC - Non-prod","Active"
"Test - T45","ab39afd4-e656-4229-a072-8313cc291248","Reader","$2,506.19","71","Blackbaud RDO - Grantmaking - Non-prod","Active"
"t-reg01","2fa20fe9-0dd8-40bd-8fe9-012173d66fc8","Reader","0.00","-","Blackbaud RDO - Engineering System - Non-prod","Active"
"dp-p-can01","76743f8b-8334-4537-a9ba-436c231657c9","Reader","$1,815.11","55","Blackbaud RDO - Data Platform - Prod","Active"
"dp-p-eur01","be142778-9fae-45f2-8ad8-6f743dc828e1","Reader","$2,505.15","55","Blackbaud RDO - Data Platform - Prod","Active"
"dp-p-usa01","9d034a4b-fe28-47fb-8058-017d6d5a2528","Reader","$15,397.23","58","Blackbaud RDO - Data Platform - Prod","Active"
"dp-p-aus01","9015a79f-c20b-45db-b3df-8fef8ca0332f","Reader","$5,474.96","55","Blackbaud RDO - Data Platform - Prod","Active"
"p-reg01","6a689565-51e4-4947-a8e9-87aad20d67c8","Reader","$0.00","33","Blackbaud RDO - Engineering System - Prod","Active"
"Production - S08","30a6347c-6fcc-42b2-ad29-c796821ec441","Reader","0.00","-","Blackbaud RDO - Luminate Online - Prod","Active"
"Production - S10","286f7c3f-377d-464f-8a92-c186399a2582","Reader","$8,194.07","38","Blackbaud RDO - Fundraiser Perf Mgmt_Guided Fundraising_Vol Network Fundraising - Prod","Active"
"Production - S11","0dd0fa4e-665d-40e4-8e2e-6749c061cb3e","Reader","$150.72","25","Blackbaud RDO - Altru_BLKB CRM_Financial Edge_BBNC_Raisers Edge_Research Point - Prod","Active"
"Production - S13","d4f0da40-2025-40aa-8da2-80252cbfcc02","Reader","0.00","-","Blackbaud RDO - Blackbaud Communication Services - Prod","Active"
"Production - S40","594b1ca6-9e11-4d85-9baf-1f1deaabba1c","Reader","$8,125.20","49","Blackbaud RDO - YC - Prod","Active"
"Production - S42","bdaa1b3a-cfcf-4fca-ad6f-d36654ff44f5","Reader","$2,990.53","34","Blackbaud RDO - YC - Prod","Active"
"Production - S45","6fa24ab6-2af5-4ab2-aef0-f5446b043476","Reader","$4,543.74","68","Blackbaud RDO - Grantmaking - Prod","Active"
"Production - S46","3bcaa40f-3d9b-4e6d-9218-abb0caf87bd3","Reader","$3,069.18","65","Blackbaud RDO - Grantmaking - Prod","Active"
"Production - S47","530a7eee-f22d-4641-bb2d-5911586ac2d7","Reader","$1,346.93","63","Blackbaud RDO - Grantmaking - Prod","Active"
"Production - S48","7044fc36-532d-4775-b808-1e4a4c744936","Reader","$1,660.09","66","Blackbaud RDO - Grantmaking - Prod","Active"
"Production - S90","d0837828-b86a-4948-8878-76ccc6dcd2ea","Reader","$45.58","31","Blackbaud RDO - Legal Response Environment - Prod","Active"
"Production - S91","c92db45e-cef9-4dc1-aec9-86fcd5b23a24","Reader","$1,682.44","38","Blackbaud RDO - Legal Response Environment - Prod","Active"
"Production - S92","be53ef19-c05c-4e33-b6eb-8fce38140aa9","Reader","$25.82","31","Blackbaud RDO - Legal Response Environment - Prod","Active"
"p-usa01","cea9c369-3f9a-443a-a9a3-c936ba6820e8","Reader","$24,912.81","31","Blackbaud RDO - Engineering System - Prod","Active"
"d-usa01","5f92497c-be1c-4491-8376-3833b5b822d2","Reader","$1,997.38","40","Blackbaud RDO - Engineering System - Dev","Active"
"t-usa01","58eb6429-13d9-4966-bd31-8b49e15f6a09","Reader","$17,384.29","30","Blackbaud RDO - Engineering System - Non-prod","Active"
"Dev - D60","e7d2a634-26a5-4454-be83-448cee9e5636","Reader","$20,830.15","54","Blackbaud RDO - Luminate Online - Dev","Active"
"Cybersecurity - P01","8cdb6f7a-9f1b-4288-87f4-ea52f902f536","Reader","$702.92","-","CS Prod","Active"
"Cybersecurity - P02","c807483d-835a-4e97-8aa1-17a013df9663","Reader","$8,208.15","46","CS Prod","Active"
"Networking Production - N01","150ea8a8-4006-49a6-8c11-b7d7c2942e61","Reader","$16,206.65","53","Blackbaud RDO - Enterprise Networking Tools - Prod","Active"
"Build Quality","5dba8326-22cf-4c27-b59e-689f753b8adb","Reader","$34.40","20","Blackbaud RDO - Internal - Non-prod","Active"
"Business Intelligence","d62f2f8b-61be-4c4a-aa1d-7e1c5b0df6cd","Reader","$299.97","64","Blackbaud RDO - Internal - Prod","Active"
"es-sandbox01","7413579e-1e9c-4f90-aa22-a7243a48adf9","Reader","$8,010.99","40","Blackbaud RDO - Engineering System - Dev","Active"
"Networking Test - E01","7253b84c-2f1a-4b10-9046-1fbdcc4334f1","Specified access","$1,759.47","36","Blackbaud RDO - Enterprise Networking Tools - Non-prod","Active"
"YourCause - Production","76493216-5565-4111-acdb-46f019100159","Reader","$1,180.63","63","Blackbaud RDO - YC - Prod","Active"
"YourCause - Plano","26a87eff-ca0d-4f7c-8efa-f769e1169dc4","Reader","$88.22","49","Blackbaud RDO - YC - Prod","Active"
"Yourcause - Dev and QA","3a3e015b-350b-4b91-b340-9b420ffe31d8","Reader","$322.50","74","Blackbaud RDO - YC - Dev","Active"
"IT SharedSandbox VSD02","e9e71d4e-3571-4463-a020-64256bb10239","Reader","$2.06","23","IT Dev-Sandbox","Active"
"Production - S56","8434b1f9-0583-4ed1-ae99-12519799dec6","Reader","$0.02","-","Blackbaud RDO - Data Platform - Prod","Active"
"Cloud Health & Governance - Dev","73b4b77a-58e4-4910-88b1-2f4da8e47e32","Reader","$130.76","31","Blackbaud RDO - Cloud Health & Governance - Dev","Active"
"Dev - D01","d050ee34-b513-4364-891c-067f86282fe4","Reader","$13,673.16","36","Blackbaud RDO - BLKB CRM_eTapestry_Financial Edge_Raisers Edge - Dev","Active"
"Test - T01","ed827500-5420-4aea-abd3-cf5b5aa97ed9","Reader","$31,747.25","35","Blackbaud RDO - BLKB CRM_eTapestry_Financial Edge_Raisers Edge - Non-prod","Active"
"Dev - D05","71c89712-0d98-4188-bb5a-cbb239899097","Reader","$4,442.01","17","Blackbaud RDO - BLKB CRM_eTapestry_Financial Edge_Raisers Edge - Dev","Active"
"Production - S57","e06cc136-f8d5-429f-950d-9441dc4a03a0","Reader","$5,566.48","30","Blackbaud RDO - eTapestry - Prod","Active"
"Dev - D00","cce24824-b042-4cf8-8348-b4e6637677f0","Reader","$675.31","36","Blackbaud RDO - Internal - Dev","Active"
"Production - S00","8e31b8a0-cbe4-4be2-b675-f1d5c5883163","Reader","$1,398.54","39","Blackbaud RDO - Internal - Prod","Active"
"Production - S20","39a03bdf-ce1d-41ef-839d-ab040887a132","Reader","$58,218.05","26","Blackbaud RDO - Online Express_Research Point - Prod","Active"
"Production - S21","69bc57af-732e-4b0a-aefc-5992160ca36c","Reader","$53,347.74","34","Blackbaud RDO - Data Platform_ES_Financial Edge_Raisers Edge - Prod","Active"
"Production - S22","75f07d7f-0c13-406c-81d7-09ece0371691","Reader","$11,622.28","19","Blackbaud RDO - Data Platform_ES_Financial Edge_Raisers Edge - Prod","Active"
"Production - S24","d39c1190-e903-4a60-b4e3-8d6b999f6f15","Reader","$17,897.19","19","Blackbaud RDO - Data Platform_ES_Financial Edge_Raisers Edge - Prod","Active"
"Production - S23","836028b0-c7c0-4475-af24-442c5189e404","Reader","$28,968.79","19","Blackbaud RDO - Data Platform_ES_Financial Edge_Raisers Edge - Prod","Active"
"Production - S28","64e519bc-cea1-4942-b0ad-8f0eefc9ba6a","Reader","$20,226.52","25","Blackbaud RDO - BLKB CRM - Prod","Active"
"Production - S26","34659578-4332-4feb-a83b-f926816041e7","Reader","$90,686.04","26","Blackbaud RDO - BLKB CRM - Prod","Active"
"Production - S51","2f7f1889-03f5-42e0-bad3-f75abc161562","Reader","$14,979.32","49","Blackbaud RDO - Data Platform_ES_Financial Edge_Raisers Edge - Prod","Active"
"Production - S27","ccde8cc3-282b-40fb-a6ae-ca8665e17f95","Reader","$17,008.98","26","Blackbaud RDO - BLKB CRM - Prod","Active"
"Production - S29","f74455e7-c211-4447-bf4a-637ea72160ea","Reader","$21,837.97","33","Blackbaud RDO - BLKB CRM - Prod","Active"
"Production - S41","6bc7702e-87d1-42be-aa65-b984d750231d","Reader","$18,381.44","33","Blackbaud RDO - Data Platform_ES_Financial Edge_Raisers Edge - Prod","Active"
"Production - S52","f6be8641-4615-4e86-986e-eb3c3764d53c","Reader","$34,113.38","33","Blackbaud RDO - Data Platform_ES_Financial Edge_Raisers Edge - Prod","Active"
"Production - S54","47dbdbb3-c892-4b57-9fd1-7b48b841ed2f","Reader","$1,063.16","29","Blackbaud RDO - Net Community - Prod","Active"
"Production - S53","399dd175-aa73-41a0-8640-ef37a5eabbc1","Reader","$970.27","29","Blackbaud RDO - Net Community - Prod","Active"
"Production - S55","f9dc4235-3e35-4f58-b59c-c09fb3e680c1","Reader","$1,137.97","24","Blackbaud RDO - Net Community - Prod","Active"
"Test - T00","b61267f3-48ad-42e6-9f5e-848cc64fe331","Reader","$570.52","38","Blackbaud RDO - Internal - Non-prod","Active"
"Service Management Wordpress","19a8c784-29d0-45e3-939e-cce201b42948","Reader","$3,584.30","58","Blackbaud RDO - Website Package - Prod","Active"
"Production - S12","89dc57c8-df88-4356-be77-807e5a482226","Reader","$4,960.70","55","Blackbaud RDO - Rubrik - Prod","Active"
"Cybersecurity - F01","49e3aae8-9a22-48a5-a5e2-5bacee9a2a58","Reader","$28.12","67","CS Prod","Active"
"Production - S36","c06b2481-54fa-4354-816f-935ce4283ee6","Reader","$19,666.80","32","Blackbaud RDO - BLKB CRM - Prod","Active"
"IT Production P03","a3a0b4d2-dce2-40ae-8793-7ebed39efeca","Reader","$20.18","38","IT SharedUse","Active"
"IT Enterprise Mobile AppCenter","176a79e1-a37d-47e3-a03a-5fb307f3b503","Reader","0.00","-","IT SingleUse","Active"
"IT Production P02","354e16b1-a3dd-4cc2-b271-4e7429e5fa75","Reader","$541.89","29","IT SharedUse","Active"
"Blackbaud.com Hosting","391ae4fa-cb89-4f0c-9b2f-393dfd2da3c9","Reader","0.00","43","IT SharedUse","Active"
"Blackbaud Application Development","486f6364-d7db-4c6f-917b-9b043b9cab0b","Reader","$924.87","39","IT SharedUse","Active"
"IT Production P01","66c7e60e-86dc-4cac-9a45-dbdce2ee4dab","Reader","$27,627.41","39","IT SharedUse","Active"
"Blackbaud VSTS","fccfe7d9-5a6d-4ea7-8855-466611d20915","Reader","$7,464.40","-","IT SingleUse","Active"
"Test - T60","c4ebd390-be1c-4684-ac0a-1917dbe747f7","Reader","$2,399.33","54","Blackbaud RDO - Luminate Online - Non-prod","Active"
"ai-p-usa01","a4a3d838-d4f6-4db7-9663-2244ca30883a","Reader","$2,796.46","69","Blackbaud RDO - Engineering System - Prod","Active"
"Production - S60","9bda8dc1-6aaf-49f9-b617-b6a66085f83a","Reader","$53,045.98","50","Blackbaud RDO - Luminate Online - Prod","Active"
"BB India Finance","a69cbc6b-4caf-4cca-bcab-0b55c4aa5020","Reader","0.00","-","IT SingleUse","Active"
"QuadSCI","97d8f88d-d1a1-431d-a3de-4722636ca341","Reader","$498.36","30","Blackbaud RDO - Internal - Prod","Active"
"Marketplace Purchases","282445b9-33f5-49e2-b55b-d7dce6f948c3","Reader","0.00","-","Marketplace","Active"
"Visual Studio Enterprise Subscription","edf61ee5-935b-493f-8468-b02cca94a29f","Reader","$0.00","57","Subscription Default","Active"
"Visual Studio Enterprise Subscription","4f9ce34b-fe17-491f-861a-e8124bbc00ae","Reader","0.00","-","Subscription Default","Active"
"Corp IT D01","cc393352-2043-4481-a89d-8a18154b539d","Reader","0.00","-","Blackbaud RDO - Default - Onboarding","Active"
"Visual Studio Enterprise with MSDN","6016adc1-f347-4306-8e3f-ec0cdc63013f","Reader","Not available","-","OffBoarding VSAS","Disabled"
"Visual Studio Enterprise with MSDN","9c27de2b-cc91-4b2d-8004-5453dd7e8c50","Reader","0.00","-","OffBoarding VSAS","Disabled"
"Visual Studio Enterprise Subscription","4dd61b77-b84d-425f-bbaa-c3fecb36b570","Reader","0.00","-","Subscription Default","Disabled"
"Visual Studio Enterprise Subscription","e6298276-5c24-4ec4-a883-0522633fef31","Reader","0.00","-","Subscription Default","Disabled"