Subscription Name,Subscription ID,Account Used,Role,Capability,Reason
ai-p-usa01,a4a3d838-d4f6-4db7-9663-2244ca30883a,ratnavo.dutta-adm@blackbaud.me,UNKNOWN,CANNOT_READ_ROUTES,"HTTP 403: (AuthorizationFailed) The client 'ratnavo.dutta-adm@blackbaud.me' with object id 'fa0a95ad-a8c4-47d4-a482-14462fd7a320' does not have authorization to perform action 'Microsoft.Network/networkInterfaces/effectiveRouteTable/action' over scope '/subscriptions/a4a3d838-d4f6-4db7-9663-2244ca30883a/resourceGroups/AIPAUS01ABAIV3BLKBRG/providers/Microsoft.Network/networkInterfaces/PE-AISEARCH-AIPAUS01ABAIV3BLKBAISEARCH01-NIC' or the scope is invalid. If access was recently granted, please refresh your credentials.
Code: AuthorizationFailed
Message: The client 'ratnavo.dutta-adm@blackbaud.me' with object id 'fa0a95ad-a8c4-47d4-a482-14462fd7a320' does not have authorization to perform action 'Microsoft.Network/networkInterfaces/effectiveRouteTable/action' over scope '/subscriptions/a4a3d838-d4f6-4db7-9663-2244ca30883a/resourceGroups/AIPAUS01ABAIV3BLKBRG/providers/Microsoft.Network/networkInterfaces/PE-AISEARCH-AIPAUS01ABAIV3BLKBAISEARCH01-NIC' or the scope is invalid. If access was recently granted, please refresh your credentials."
Cloud Health & Governance - Dev,73b4b77a-58e4-4910-88b1-2f4da8e47e32,ratnavo.dutta-adm@blackbaud.me,UNKNOWN,CANNOT_READ_ROUTES,"HTTP 403: (AuthorizationFailed) The client 'ratnavo.dutta-adm@blackbaud.me' with object id 'fa0a95ad-a8c4-47d4-a482-14462fd7a320' does not have authorization to perform action 'Microsoft.Network/networkInterfaces/effectiveRouteTable/action' over scope '/subscriptions/73b4b77a-58e4-4910-88b1-2f4da8e47e32/resourceGroups/ACE01/providers/Microsoft.Network/networkInterfaces/ACE-AZURE01562_Z2' or the scope is invalid. If access was recently granted, please refresh your credentials.
Code: AuthorizationFailed
Message: The client 'ratnavo.dutta-adm@blackbaud.me' with object id 'fa0a95ad-a8c4-47d4-a482-14462fd7a320' does not have authorization to perform action 'Microsoft.Network/networkInterfaces/effectiveRouteTable/action' over scope '/subscriptions/73b4b77a-58e4-4910-88b1-2f4da8e47e32/resourceGroups/ACE01/providers/Microsoft.Network/networkInterfaces/ACE-AZURE01562_Z2' or the scope is invalid. If access was recently granted, please refresh your credentials."
CustOps - Dev,ebe33ccf-e94b-458e-bef5-639ab3d7d7d9,ratnavo.dutta-adm@blackbaud.me,UNKNOWN,CANNOT_READ_ROUTES,"HTTP 403: (AuthorizationFailed) The client 'ratnavo.dutta-adm@blackbaud.me' with object id 'fa0a95ad-a8c4-47d4-a482-14462fd7a320' does not have authorization to perform action 'Microsoft.Network/networkInterfaces/effectiveRouteTable/action' over scope '/subscriptions/ebe33ccf-e94b-458e-bef5-639ab3d7d7d9/resourceGroups/AZDEV-COMPUTE-CUS/providers/Microsoft.Network/networkInterfaces/AZDEV-SE-APP01-NIC-BE6AEFE894AF442D88377AF209317B1C' or the scope is invalid. If access was recently granted, please refresh your credentials.
Code: AuthorizationFailed
Message: The client 'ratnavo.dutta-adm@blackbaud.me' with object id 'fa0a95ad-a8c4-47d4-a482-14462fd7a320' does not have authorization to perform action 'Microsoft.Network/networkInterfaces/effectiveRouteTable/action' over scope '/subscriptions/ebe33ccf-e94b-458e-bef5-639ab3d7d7d9/resourceGroups/AZDEV-COMPUTE-CUS/providers/Microsoft.Network/networkInterfaces/AZDEV-SE-APP01-NIC-BE6AEFE894AF442D88377AF209317B1C' or the scope is invalid. If access was recently granted, please refresh your credentials."
Cyber Security Prod,97df6729-2a4f-4376-a3bd-2bf103f9ee7a,ratnavo.dutta-adm@blackbaud.me,UNKNOWN,CANNOT_READ_ROUTES,"HTTP 403: (AuthorizationFailed) The client 'ratnavo.dutta-adm@blackbaud.me' with object id 'fa0a95ad-a8c4-47d4-a482-14462fd7a320' does not have authorization to perform action 'Microsoft.Network/networkInterfaces/effectiveRouteTable/action' over scope '/subscriptions/97df6729-2a4f-4376-a3bd-2bf103f9ee7a/resourceGroups/SHAREDSECURITY-ALGOSEC/providers/Microsoft.Network/networkInterfaces/BBSECPEUS2ALGOPE01.NIC.0140ED60-233A-464C-9562-F3BF01F00B7B' or the scope is invalid. If access was recently granted, please refresh your credentials.
Code: AuthorizationFailed
Message: The client 'ratnavo.dutta-adm@blackbaud.me' with object id 'fa0a95ad-a8c4-47d4-a482-14462fd7a320' does not have authorization to perform action 'Microsoft.Network/networkInterfaces/effectiveRouteTable/action' over scope '/subscriptions/97df6729-2a4f-4376-a3bd-2bf103f9ee7a/resourceGroups/SHAREDSECURITY-ALGOSEC/providers/Microsoft.Network/networkInterfaces/BBSECPEUS2ALGOPE01.NIC.0140ED60-233A-464C-9562-F3BF01F00B7B' or the scope is invalid. If access was recently granted, please refresh your credentials."
Cyber Security Test,11a6fb25-e963-4503-9f13-2f400ca2ad2a,ratnavo.dutta-adm@blackbaud.me,UNKNOWN,CANNOT_READ_ROUTES,"HTTP 403: (AuthorizationFailed) The client 'ratnavo.dutta-adm@blackbaud.me' with object id 'fa0a95ad-a8c4-47d4-a482-14462fd7a320' does not have authorization to perform action 'Microsoft.Network/networkInterfaces/effectiveRouteTable/action' over scope '/subscriptions/11a6fb25-e963-4503-9f13-2f400ca2ad2a/resourceGroups/BBSECTEUS2ALG-RG01/providers/Microsoft.Network/networkInterfaces/BBSECTEUS2ALG-VM01693_Z1' or the scope is invalid. If access was recently granted, please refresh your credentials.
Code: AuthorizationFailed
Message: The client 'ratnavo.dutta-adm@blackbaud.me' with object id 'fa0a95ad-a8c4-47d4-a482-14462fd7a320' does not have authorization to perform action 'Microsoft.Network/networkInterfaces/effectiveRouteTable/action' over scope '/subscriptions/11a6fb25-e963-4503-9f13-2f400ca2ad2a/resourceGroups/BBSECTEUS2ALG-RG01/providers/Microsoft.Network/networkInterfaces/BBSECTEUS2ALG-VM01693_Z1' or the scope is invalid. If access was recently granted, please refresh your credentials."
Cybersecurity - F01,49e3aae8-9a22-48a5-a5e2-5bacee9a2a58,ratnavo.dutta-adm@blackbaud.me,UNKNOWN,CANNOT_READ_ROUTES,"HTTP 403: (AuthorizationFailed) The client 'ratnavo.dutta-adm@blackbaud.me' with object id 'fa0a95ad-a8c4-47d4-a482-14462fd7a320' does not have authorization to perform action 'Microsoft.Network/networkInterfaces/effectiveRouteTable/action' over scope '/subscriptions/49e3aae8-9a22-48a5-a5e2-5bacee9a2a58/resourceGroups/SEC02PEUSSTRG-RG01/providers/Microsoft.Network/networkInterfaces/SEC02PEUSSTRG-PE01.NIC.92276B47-E032-4CD3-9601-6ACC8C061085' or the scope is invalid. If access was recently granted, please refresh your credentials.
Code: AuthorizationFailed
Message: The client 'ratnavo.dutta-adm@blackbaud.me' with object id 'fa0a95ad-a8c4-47d4-a482-14462fd7a320' does not have authorization to perform action 'Microsoft.Network/networkInterfaces/effectiveRouteTable/action' over scope '/subscriptions/49e3aae8-9a22-48a5-a5e2-5bacee9a2a58/resourceGroups/SEC02PEUSSTRG-RG01/providers/Microsoft.Network/networkInterfaces/SEC02PEUSSTRG-PE01.NIC.92276B47-E032-4CD3-9601-6ACC8C061085' or the scope is invalid. If access was recently granted, please refresh your credentials."
Cybersecurity - P02,c807483d-835a-4e97-8aa1-17a013df9663,ratnavo.dutta-adm@blackbaud.me,UNKNOWN,CANNOT_READ_ROUTES,"HTTP 403: (AuthorizationFailed) The client 'ratnavo.dutta-adm@blackbaud.me' with object id 'fa0a95ad-a8c4-47d4-a482-14462fd7a320' does not have authorization to perform action 'Microsoft.Network/networkInterfaces/effectiveRouteTable/action' over scope '/subscriptions/c807483d-835a-4e97-8aa1-17a013df9663/resourceGroups/SEC02PEUS2AIQ-RG01/providers/Microsoft.Network/networkInterfaces/SEC02PEUS2AIQ-VM1104_Z1' or the scope is invalid. If access was recently granted, please refresh your credentials.
Code: AuthorizationFailed
Message: The client 'ratnavo.dutta-adm@blackbaud.me' with object id 'fa0a95ad-a8c4-47d4-a482-14462fd7a320' does not have authorization to perform action 'Microsoft.Network/networkInterfaces/effectiveRouteTable/action' over scope '/subscriptions/c807483d-835a-4e97-8aa1-17a013df9663/resourceGroups/SEC02PEUS2AIQ-RG01/providers/Microsoft.Network/networkInterfaces/SEC02PEUS2AIQ-VM1104_Z1' or the scope is invalid. If access was recently granted, please refresh your credentials."
d-usa01,5f92497c-be1c-4491-8376-3833b5b822d2,ratnavo.dutta-adm@blackbaud.me,UNKNOWN,CANNOT_READ_ROUTES,"HTTP 403: (AuthorizationFailed) The client 'ratnavo.dutta-adm@blackbaud.me' with object id 'fa0a95ad-a8c4-47d4-a482-14462fd7a320' does not have authorization to perform action 'Microsoft.Network/networkInterfaces/effectiveRouteTable/action' over scope '/subscriptions/5f92497c-be1c-4491-8376-3833b5b822d2/resourceGroups/CRB-FOUNDRY-TESTING/providers/Microsoft.Network/networkInterfaces/PE-AISEARCH-DUSA01ABAIV3BLKBAISEARCH49-NIC' or the scope is invalid. If access was recently granted, please refresh your credentials.
Code: AuthorizationFailed
Message: The client 'ratnavo.dutta-adm@blackbaud.me' with object id 'fa0a95ad-a8c4-47d4-a482-14462fd7a320' does not have authorization to perform action 'Microsoft.Network/networkInterfaces/effectiveRouteTable/action' over scope '/subscriptions/5f92497c-be1c-4491-8376-3833b5b822d2/resourceGroups/CRB-FOUNDRY-TESTING/providers/Microsoft.Network/networkInterfaces/PE-AISEARCH-DUSA01ABAIV3BLKBAISEARCH49-NIC' or the scope is invalid. If access was recently granted, please refresh your credentials."
Dev - D00,cce24824-b042-4cf8-8348-b4e6637677f0,ratnavo.dutta-adm@blackbaud.me,UNKNOWN,CANNOT_READ_ROUTES,"HTTP 403: (AuthorizationFailed) The client 'ratnavo.dutta-adm@blackbaud.me' with object id 'fa0a95ad-a8c4-47d4-a482-14462fd7a320' does not have authorization to perform action 'Microsoft.Network/networkInterfaces/effectiveRouteTable/action' over scope '/subscriptions/cce24824-b042-4cf8-8348-b4e6637677f0/resourceGroups/AI-DEV-IE-COPILOT-LOGS/providers/Microsoft.Network/networkInterfaces/IE-COPILOT-AI-OPS19_Z1' or the scope is invalid. If access was recently granted, please refresh your credentials.
Code: AuthorizationFailed
Message: The client 'ratnavo.dutta-adm@blackbaud.me' with object id 'fa0a95ad-a8c4-47d4-a482-14462fd7a320' does not have authorization to perform action 'Microsoft.Network/networkInterfaces/effectiveRouteTable/action' over scope '/subscriptions/cce24824-b042-4cf8-8348-b4e6637677f0/resourceGroups/AI-DEV-IE-COPILOT-LOGS/providers/Microsoft.Network/networkInterfaces/IE-COPILOT-AI-OPS19_Z1' or the scope is invalid. If access was recently granted, please refresh your credentials."
Dev - D01,d050ee34-b513-4364-891c-067f86282fe4,ratnavo.dutta-adm@blackbaud.me,UNKNOWN,CANNOT_READ_ROUTES,"HTTP 403: (AuthorizationFailed) The client 'ratnavo.dutta-adm@blackbaud.me' with object id 'fa0a95ad-a8c4-47d4-a482-14462fd7a320' does not have authorization to perform action 'Microsoft.Network/networkInterfaces/effectiveRouteTable/action' over scope '/subscriptions/d050ee34-b513-4364-891c-067f86282fe4/resourceGroups/D01ACTX01CNS04BLKBRG/providers/Microsoft.Network/networkInterfaces/D01ACTX01CNA04A469' or the scope is invalid. If access was recently granted, please refresh your credentials.
Code: AuthorizationFailed
Message: The client 'ratnavo.dutta-adm@blackbaud.me' with object id 'fa0a95ad-a8c4-47d4-a482-14462fd7a320' does not have authorization to perform action 'Microsoft.Network/networkInterfaces/effectiveRouteTable/action' over scope '/subscriptions/d050ee34-b513-4364-891c-067f86282fe4/resourceGroups/D01ACTX01CNS04BLKBRG/providers/Microsoft.Network/networkInterfaces/D01ACTX01CNA04A469' or the scope is invalid. If access was recently granted, please refresh your credentials."
Dev - D06,aa89a992-d05f-4885-baa0-eb7b605946a3,ratnavo.dutta-adm@blackbaud.me,UNKNOWN,CANNOT_READ_ROUTES,"HTTP 403: (AuthorizationFailed) The client 'ratnavo.dutta-adm@blackbaud.me' with object id 'fa0a95ad-a8c4-47d4-a482-14462fd7a320' does not have authorization to perform action 'Microsoft.Network/networkInterfaces/effectiveRouteTable/action' over scope '/subscriptions/aa89a992-d05f-4885-baa0-eb7b605946a3/resourceGroups/D06AOPS01ADS01BLKBRG/providers/Microsoft.Network/networkInterfaces/D06AOPS01ADS01BLKBNIC0' or the scope is invalid. If access was recently granted, please refresh your credentials.
Code: AuthorizationFailed
Message: The client 'ratnavo.dutta-adm@blackbaud.me' with object id 'fa0a95ad-a8c4-47d4-a482-14462fd7a320' does not have authorization to perform action 'Microsoft.Network/networkInterfaces/effectiveRouteTable/action' over scope '/subscriptions/aa89a992-d05f-4885-baa0-eb7b605946a3/resourceGroups/D06AOPS01ADS01BLKBRG/providers/Microsoft.Network/networkInterfaces/D06AOPS01ADS01BLKBNIC0' or the scope is invalid. If access was recently granted, please refresh your credentials."
Dev - D07,cc085d57-0f75-4941-9818-b3bf86d50b29,ratnavo.dutta-adm@blackbaud.me,UNKNOWN,CANNOT_READ_ROUTES,"HTTP 403: (AuthorizationFailed) The client 'ratnavo.dutta-adm@blackbaud.me' with object id 'fa0a95ad-a8c4-47d4-a482-14462fd7a320' does not have authorization to perform action 'Microsoft.Network/networkInterfaces/effectiveRouteTable/action' over scope '/subscriptions/cc085d57-0f75-4941-9818-b3bf86d50b29/resourceGroups/D07ABGF01JBV01BLKBRG/providers/Microsoft.Network/networkInterfaces/D07ABGF01JBV01BLKBNIC0' or the scope is invalid. If access was recently granted, please refresh your credentials.
Code: AuthorizationFailed
Message: The client 'ratnavo.dutta-adm@blackbaud.me' with object id 'fa0a95ad-a8c4-47d4-a482-14462fd7a320' does not have authorization to perform action 'Microsoft.Network/networkInterfaces/effectiveRouteTable/action' over scope '/subscriptions/cc085d57-0f75-4941-9818-b3bf86d50b29/resourceGroups/D07ABGF01JBV01BLKBRG/providers/Microsoft.Network/networkInterfaces/D07ABGF01JBV01BLKBNIC0' or the scope is invalid. If access was recently granted, please refresh your credentials."
Dev - D40,38dc1973-b3ec-4db8-8f42-f76fc59e65b0,ratnavo.dutta-adm@blackbaud.me,UNKNOWN,CANNOT_READ_ROUTES,"HTTP 403: (AuthorizationFailed) The client 'ratnavo.dutta-adm@blackbaud.me' with object id 'fa0a95ad-a8c4-47d4-a482-14462fd7a320' does not have authorization to perform action 'Microsoft.Network/networkInterfaces/effectiveRouteTable/action' over scope '/subscriptions/38dc1973-b3ec-4db8-8f42-f76fc59e65b0/resourceGroups/D40ABLKBRG/providers/Microsoft.Network/networkInterfaces/D40ACSR01ASPCSRAPI01BLKBPE-NIC' or the scope is invalid. If access was recently granted, please refresh your credentials.
Code: AuthorizationFailed
Message: The client 'ratnavo.dutta-adm@blackbaud.me' with object id 'fa0a95ad-a8c4-47d4-a482-14462fd7a320' does not have authorization to perform action 'Microsoft.Network/networkInterfaces/effectiveRouteTable/action' over scope '/subscriptions/38dc1973-b3ec-4db8-8f42-f76fc59e65b0/resourceGroups/D40ABLKBRG/providers/Microsoft.Network/networkInterfaces/D40ACSR01ASPCSRAPI01BLKBPE-NIC' or the scope is invalid. If access was recently granted, please refresh your credentials."
Dev - D60,e7d2a634-26a5-4454-be83-448cee9e5636,ratnavo.dutta-adm@blackbaud.me,UNKNOWN,CANNOT_READ_ROUTES,"HTTP 403: (AuthorizationFailed) The client 'ratnavo.dutta-adm@blackbaud.me' with object id 'fa0a95ad-a8c4-47d4-a482-14462fd7a320' does not have authorization to perform action 'Microsoft.Network/networkInterfaces/effectiveRouteTable/action' over scope '/subscriptions/e7d2a634-26a5-4454-be83-448cee9e5636/resourceGroups/D60ALOC01CNS01RG/providers/Microsoft.Network/networkInterfaces/D60ALOC01CNS01NIC01B' or the scope is invalid. If access was recently granted, please refresh your credentials.
Code: AuthorizationFailed
Message: The client 'ratnavo.dutta-adm@blackbaud.me' with object id 'fa0a95ad-a8c4-47d4-a482-14462fd7a320' does not have authorization to perform action 'Microsoft.Network/networkInterfaces/effectiveRouteTable/action' over scope '/subscriptions/e7d2a634-26a5-4454-be83-448cee9e5636/resourceGroups/D60ALOC01CNS01RG/providers/Microsoft.Network/networkInterfaces/D60ALOC01CNS01NIC01B' or the scope is invalid. If access was recently granted, please refresh your credentials."
dp-d-usa01,4ea3d908-134c-4c53-a466-507ef4ea4c4b,ratnavo.dutta-adm@blackbaud.me,UNKNOWN,CANNOT_READ_ROUTES,"HTTP 403: (AuthorizationFailed) The client 'ratnavo.dutta-adm@blackbaud.me' with object id 'fa0a95ad-a8c4-47d4-a482-14462fd7a320' does not have authorization to perform action 'Microsoft.Network/networkInterfaces/effectiveRouteTable/action' over scope '/subscriptions/4ea3d908-134c-4c53-a466-507ef4ea4c4b/resourceGroups/DPDUSA01DEVEASTUS2AADBPAASBLKBRG/providers/Microsoft.Network/networkInterfaces/BLOB-DPDUSA01-DEVEASTUS2-AADBBLKB-PE-01-NIC' or the scope is invalid. If access was recently granted, please refresh your credentials.
Code: AuthorizationFailed
Message: The client 'ratnavo.dutta-adm@blackbaud.me' with object id 'fa0a95ad-a8c4-47d4-a482-14462fd7a320' does not have authorization to perform action 'Microsoft.Network/networkInterfaces/effectiveRouteTable/action' over scope '/subscriptions/4ea3d908-134c-4c53-a466-507ef4ea4c4b/resourceGroups/DPDUSA01DEVEASTUS2AADBPAASBLKBRG/providers/Microsoft.Network/networkInterfaces/BLOB-DPDUSA01-DEVEASTUS2-AADBBLKB-PE-01-NIC' or the scope is invalid. If access was recently granted, please refresh your credentials."
dp-p-aus01,9015a79f-c20b-45db-b3df-8fef8ca0332f,ratnavo.dutta-adm@blackbaud.me,UNKNOWN,CANNOT_READ_ROUTES,"HTTP 403: (AuthorizationFailed) The client 'ratnavo.dutta-adm@blackbaud.me' with object id 'fa0a95ad-a8c4-47d4-a482-14462fd7a320' does not have authorization to perform action 'Microsoft.Network/networkInterfaces/effectiveRouteTable/action' over scope '/subscriptions/9015a79f-c20b-45db-b3df-8fef8ca0332f/resourceGroups/DPPAUS01INTERACTIVE-AUSTRALIAEASTAADBPAASBLKBRG/providers/Microsoft.Network/networkInterfaces/BLOB-DPPAUS01INTERACTIVE-AUSTRALIAEAST-PE-01-NIC' or the scope is invalid. If access was recently granted, please refresh your credentials.
Code: AuthorizationFailed
Message: The client 'ratnavo.dutta-adm@blackbaud.me' with object id 'fa0a95ad-a8c4-47d4-a482-14462fd7a320' does not have authorization to perform action 'Microsoft.Network/networkInterfaces/effectiveRouteTable/action' over scope '/subscriptions/9015a79f-c20b-45db-b3df-8fef8ca0332f/resourceGroups/DPPAUS01INTERACTIVE-AUSTRALIAEASTAADBPAASBLKBRG/providers/Microsoft.Network/networkInterfaces/BLOB-DPPAUS01INTERACTIVE-AUSTRALIAEAST-PE-01-NIC' or the scope is invalid. If access was recently granted, please refresh your credentials."
dp-p-can01,76743f8b-8334-4537-a9ba-436c231657c9,ratnavo.dutta-adm@blackbaud.me,UNKNOWN,CANNOT_READ_ROUTES,"HTTP 403: (AuthorizationFailed) The client 'ratnavo.dutta-adm@blackbaud.me' with object id 'fa0a95ad-a8c4-47d4-a482-14462fd7a320' does not have authorization to perform action 'Microsoft.Network/networkInterfaces/effectiveRouteTable/action' over scope '/subscriptions/76743f8b-8334-4537-a9ba-436c231657c9/resourceGroups/DPPCAN01INTERACTIVE-CANADACENTRAL-02AADBPAASBLKBRG/providers/Microsoft.Network/networkInterfaces/DPPCAN01-INTERACTIVE-CANADACENTRAL-02-DATABRICKS-BACKEND-NIC' or the scope is invalid. If access was recently granted, please refresh your credentials.
Code: AuthorizationFailed
Message: The client 'ratnavo.dutta-adm@blackbaud.me' with object id 'fa0a95ad-a8c4-47d4-a482-14462fd7a320' does not have authorization to perform action 'Microsoft.Network/networkInterfaces/effectiveRouteTable/action' over scope '/subscriptions/76743f8b-8334-4537-a9ba-436c231657c9/resourceGroups/DPPCAN01INTERACTIVE-CANADACENTRAL-02AADBPAASBLKBRG/providers/Microsoft.Network/networkInterfaces/DPPCAN01-INTERACTIVE-CANADACENTRAL-02-DATABRICKS-BACKEND-NIC' or the scope is invalid. If access was recently granted, please refresh your credentials."
dp-p-eur01,be142778-9fae-45f2-8ad8-6f743dc828e1,ratnavo.dutta-adm@blackbaud.me,UNKNOWN,CANNOT_READ_ROUTES,"HTTP 403: (AuthorizationFailed) The client 'ratnavo.dutta-adm@blackbaud.me' with object id 'fa0a95ad-a8c4-47d4-a482-14462fd7a320' does not have authorization to perform action 'Microsoft.Network/networkInterfaces/effectiveRouteTable/action' over scope '/subscriptions/be142778-9fae-45f2-8ad8-6f743dc828e1/resourceGroups/DPPEUR01INTERACTIVE-WESTEUROPEAADBPAASBLKBRG/providers/Microsoft.Network/networkInterfaces/BLOB-DPPEUR01-INTERACTIVE-WESTEUROPE-AADBBLKB-PE-NIC' or the scope is invalid. If access was recently granted, please refresh your credentials.
Code: AuthorizationFailed
Message: The client 'ratnavo.dutta-adm@blackbaud.me' with object id 'fa0a95ad-a8c4-47d4-a482-14462fd7a320' does not have authorization to perform action 'Microsoft.Network/networkInterfaces/effectiveRouteTable/action' over scope '/subscriptions/be142778-9fae-45f2-8ad8-6f743dc828e1/resourceGroups/DPPEUR01INTERACTIVE-WESTEUROPEAADBPAASBLKBRG/providers/Microsoft.Network/networkInterfaces/BLOB-DPPEUR01-INTERACTIVE-WESTEUROPE-AADBBLKB-PE-NIC' or the scope is invalid. If access was recently granted, please refresh your credentials."
dp-p-usa01,9d034a4b-fe28-47fb-8058-017d6d5a2528,ratnavo.dutta-adm@blackbaud.me,UNKNOWN,CANNOT_READ_ROUTES,"HTTP 403: (AuthorizationFailed) The client 'ratnavo.dutta-adm@blackbaud.me' with object id 'fa0a95ad-a8c4-47d4-a482-14462fd7a320' does not have authorization to perform action 'Microsoft.Network/networkInterfaces/effectiveRouteTable/action' over scope '/subscriptions/9d034a4b-fe28-47fb-8058-017d6d5a2528/resourceGroups/DPPUSA01CENTRALIZED-REGISTRY-EASTUS2AADBPAASBLKBRG/providers/Microsoft.Network/networkInterfaces/DPPUSA01-CENTRALIZED-REGISTRY-EASTUS2-DATABRICKS-BACKEND-NIC' or the scope is invalid. If access was recently granted, please refresh your credentials.
Code: AuthorizationFailed
Message: The client 'ratnavo.dutta-adm@blackbaud.me' with object id 'fa0a95ad-a8c4-47d4-a482-14462fd7a320' does not have authorization to perform action 'Microsoft.Network/networkInterfaces/effectiveRouteTable/action' over scope '/subscriptions/9d034a4b-fe28-47fb-8058-017d6d5a2528/resourceGroups/DPPUSA01CENTRALIZED-REGISTRY-EASTUS2AADBPAASBLKBRG/providers/Microsoft.Network/networkInterfaces/DPPUSA01-CENTRALIZED-REGISTRY-EASTUS2-DATABRICKS-BACKEND-NIC' or the scope is invalid. If access was recently granted, please refresh your credentials."
dp-t-usa01,d675d3ff-a488-4f43-9f38-8c7a97483f49,ratnavo.dutta-adm@blackbaud.me,UNKNOWN,CANNOT_READ_ROUTES,"HTTP 403: (AuthorizationFailed) The client 'ratnavo.dutta-adm@blackbaud.me' with object id 'fa0a95ad-a8c4-47d4-a482-14462fd7a320' does not have authorization to perform action 'Microsoft.Network/networkInterfaces/effectiveRouteTable/action' over scope '/subscriptions/d675d3ff-a488-4f43-9f38-8c7a97483f49/resourceGroups/DPTUSA01TEST-EASTUS2AADBPAASBLKBRG/providers/Microsoft.Network/networkInterfaces/BLOB-DPTUSA01TEST-EASTUS2AADBPAASBLKB-PE-NIC' or the scope is invalid. If access was recently granted, please refresh your credentials.
Code: AuthorizationFailed
Message: The client 'ratnavo.dutta-adm@blackbaud.me' with object id 'fa0a95ad-a8c4-47d4-a482-14462fd7a320' does not have authorization to perform action 'Microsoft.Network/networkInterfaces/effectiveRouteTable/action' over scope '/subscriptions/d675d3ff-a488-4f43-9f38-8c7a97483f49/resourceGroups/DPTUSA01TEST-EASTUS2AADBPAASBLKBRG/providers/Microsoft.Network/networkInterfaces/BLOB-DPTUSA01TEST-EASTUS2AADBPAASBLKB-PE-NIC' or the scope is invalid. If access was recently granted, please refresh your credentials."
IT Production P01,66c7e60e-86dc-4cac-9a45-dbdce2ee4dab,ratnavo.dutta-adm@blackbaud.me,UNKNOWN,CANNOT_READ_ROUTES,"HTTP 400: (NicMustBeAttachedToRunningVmToGetEffectiveRoutes) A network interface must be attached to a running virtual machine to get effective routes. The network interface /subscriptions/66c7e60e-86dc-4cac-9a45-dbdce2ee4dab/resourceGroups/BI_ResourceGroup/providers/Microsoft.Network/networkInterfaces/bbit-dataautomation-nic is not attached to a running virtual machine.
Code: NicMustBeAttachedToRunningVmToGetEffectiveRoutes
Message: A network interface must be attached to a running virtual machine to get effective routes. The network interface /subscriptions/66c7e60e-86dc-4cac-9a45-dbdce2ee4dab/resourceGroups/BI_ResourceGroup/providers/Microsoft.Network/networkInterfaces/bbit-dataautomation-nic is not attached to a running virtual machine."
IT Production P02,354e16b1-a3dd-4cc2-b271-4e7429e5fa75,ratnavo.dutta-adm@blackbaud.me,UNKNOWN,CAN_READ_ROUTES,Probe call succeeded.
IT Production P03,a3a0b4d2-dce2-40ae-8793-7ebed39efeca,ratnavo.dutta-adm@blackbaud.me,UNKNOWN,CANNOT_READ_ROUTES,"HTTP 400: (NicMustBeAttachedToRunningVmToGetEffectiveRoutes) A network interface must be attached to a running virtual machine to get effective routes. The network interface /subscriptions/a3a0b4d2-dce2-40ae-8793-7ebed39efeca/resourceGroups/CDRS-ResourceGroup/providers/Microsoft.Network/networkInterfaces/cdrsflexibleserverprivateendpoint.nic.4b0f429b-1681-49bf-984a-56cc7a3a15ba is not attached to a running virtual machine.
Code: NicMustBeAttachedToRunningVmToGetEffectiveRoutes
Message: A network interface must be attached to a running virtual machine to get effective routes. The network interface /subscriptions/a3a0b4d2-dce2-40ae-8793-7ebed39efeca/resourceGroups/CDRS-ResourceGroup/providers/Microsoft.Network/networkInterfaces/cdrsflexibleserverprivateendpoint.nic.4b0f429b-1681-49bf-984a-56cc7a3a15ba is not attached to a running virtual machine."
Networking Production - N01,150ea8a8-4006-49a6-8c11-b7d7c2942e61,ratnavo.dutta-adm@blackbaud.me,UNKNOWN,CAN_READ_ROUTES,Probe call succeeded.
Networking Test - E01,7253b84c-2f1a-4b10-9046-1fbdcc4334f1,ratnavo.dutta-adm@blackbaud.me,UNKNOWN,CANNOT_READ_ROUTES,"HTTP 403: (AuthorizationFailed) The client 'ratnavo.dutta-adm@blackbaud.me' with object id 'fa0a95ad-a8c4-47d4-a482-14462fd7a320' does not have authorization to perform action 'Microsoft.Network/networkInterfaces/effectiveRouteTable/action' over scope '/subscriptions/7253b84c-2f1a-4b10-9046-1fbdcc4334f1/resourceGroups/E01-CUS-VWCC-VMSS-RG/providers/Microsoft.Network/networkInterfaces/E01-CUS-VWCC-CCVMSS-FWD-NIC-5YU7-2DBD73A1' or the scope is invalid. If access was recently granted, please refresh your credentials.
Code: AuthorizationFailed
Message: The client 'ratnavo.dutta-adm@blackbaud.me' with object id 'fa0a95ad-a8c4-47d4-a482-14462fd7a320' does not have authorization to perform action 'Microsoft.Network/networkInterfaces/effectiveRouteTable/action' over scope '/subscriptions/7253b84c-2f1a-4b10-9046-1fbdcc4334f1/resourceGroups/E01-CUS-VWCC-VMSS-RG/providers/Microsoft.Network/networkInterfaces/E01-CUS-VWCC-CCVMSS-FWD-NIC-5YU7-2DBD73A1' or the scope is invalid. If access was recently granted, please refresh your credentials."
p-aus01,61128873-7a55-425e-adc8-59bdba75d668,ratnavo.dutta-adm@blackbaud.me,UNKNOWN,CANNOT_READ_ROUTES,"HTTP 403: (AuthorizationFailed) The client 'ratnavo.dutta-adm@blackbaud.me' with object id 'fa0a95ad-a8c4-47d4-a482-14462fd7a320' does not have authorization to perform action 'Microsoft.Network/networkInterfaces/effectiveRouteTable/action' over scope '/subscriptions/61128873-7a55-425e-adc8-59bdba75d668/resourceGroups/PAUS01AAKSV2BLKBRG/providers/Microsoft.Network/networkInterfaces/DPPAUS01ALASBLKBSA01-BLOB-PE-NIC' or the scope is invalid. If access was recently granted, please refresh your credentials.
Code: AuthorizationFailed
Message: The client 'ratnavo.dutta-adm@blackbaud.me' with object id 'fa0a95ad-a8c4-47d4-a482-14462fd7a320' does not have authorization to perform action 'Microsoft.Network/networkInterfaces/effectiveRouteTable/action' over scope '/subscriptions/61128873-7a55-425e-adc8-59bdba75d668/resourceGroups/PAUS01AAKSV2BLKBRG/providers/Microsoft.Network/networkInterfaces/DPPAUS01ALASBLKBSA01-BLOB-PE-NIC' or the scope is invalid. If access was recently granted, please refresh your credentials."
p-can01,a04a9ac3-f136-4f02-8eb1-9fbd4c805f50,ratnavo.dutta-adm@blackbaud.me,UNKNOWN,CANNOT_READ_ROUTES,"HTTP 403: (AuthorizationFailed) The client 'ratnavo.dutta-adm@blackbaud.me' with object id 'fa0a95ad-a8c4-47d4-a482-14462fd7a320' does not have authorization to perform action 'Microsoft.Network/networkInterfaces/effectiveRouteTable/action' over scope '/subscriptions/a04a9ac3-f136-4f02-8eb1-9fbd4c805f50/resourceGroups/PCAN01AAKSV2BLKBRG/providers/Microsoft.Network/networkInterfaces/DPPCAN01ALASBLKBSA00-BLOB-PE-NIC' or the scope is invalid. If access was recently granted, please refresh your credentials.
Code: AuthorizationFailed
Message: The client 'ratnavo.dutta-adm@blackbaud.me' with object id 'fa0a95ad-a8c4-47d4-a482-14462fd7a320' does not have authorization to perform action 'Microsoft.Network/networkInterfaces/effectiveRouteTable/action' over scope '/subscriptions/a04a9ac3-f136-4f02-8eb1-9fbd4c805f50/resourceGroups/PCAN01AAKSV2BLKBRG/providers/Microsoft.Network/networkInterfaces/DPPCAN01ALASBLKBSA00-BLOB-PE-NIC' or the scope is invalid. If access was recently granted, please refresh your credentials."
p-eur01,9e37b779-7f77-4259-ade8-f9600cb7b49d,ratnavo.dutta-adm@blackbaud.me,UNKNOWN,CANNOT_READ_ROUTES,"HTTP 403: (AuthorizationFailed) The client 'ratnavo.dutta-adm@blackbaud.me' with object id 'fa0a95ad-a8c4-47d4-a482-14462fd7a320' does not have authorization to perform action 'Microsoft.Network/networkInterfaces/effectiveRouteTable/action' over scope '/subscriptions/9e37b779-7f77-4259-ade8-f9600cb7b49d/resourceGroups/PEUR01AAKSV2BLKBRG/providers/Microsoft.Network/networkInterfaces/DPPEUR01ALASBLKBSA00-BLOB-PE-NIC' or the scope is invalid. If access was recently granted, please refresh your credentials.
Code: AuthorizationFailed
Message: The client 'ratnavo.dutta-adm@blackbaud.me' with object id 'fa0a95ad-a8c4-47d4-a482-14462fd7a320' does not have authorization to perform action 'Microsoft.Network/networkInterfaces/effectiveRouteTable/action' over scope '/subscriptions/9e37b779-7f77-4259-ade8-f9600cb7b49d/resourceGroups/PEUR01AAKSV2BLKBRG/providers/Microsoft.Network/networkInterfaces/DPPEUR01ALASBLKBSA00-BLOB-PE-NIC' or the scope is invalid. If access was recently granted, please refresh your credentials."
p-usa01,cea9c369-3f9a-443a-a9a3-c936ba6820e8,ratnavo.dutta-adm@blackbaud.me,UNKNOWN,CANNOT_READ_ROUTES,"HTTP 403: (AuthorizationFailed) The client 'ratnavo.dutta-adm@blackbaud.me' with object id 'fa0a95ad-a8c4-47d4-a482-14462fd7a320' does not have authorization to perform action 'Microsoft.Network/networkInterfaces/effectiveRouteTable/action' over scope '/subscriptions/cea9c369-3f9a-443a-a9a3-c936ba6820e8/resourceGroups/ES-AZURE-PIPELINES/providers/Microsoft.Network/networkInterfaces/ESDEVOPSPOOL-KEYVAULT.NIC.887A7EEB-4DEE-4826-86AE-F276E1BD978D' or the scope is invalid. If access was recently granted, please refresh your credentials.
Code: AuthorizationFailed
Message: The client 'ratnavo.dutta-adm@blackbaud.me' with object id 'fa0a95ad-a8c4-47d4-a482-14462fd7a320' does not have authorization to perform action 'Microsoft.Network/networkInterfaces/effectiveRouteTable/action' over scope '/subscriptions/cea9c369-3f9a-443a-a9a3-c936ba6820e8/resourceGroups/ES-AZURE-PIPELINES/providers/Microsoft.Network/networkInterfaces/ESDEVOPSPOOL-KEYVAULT.NIC.887A7EEB-4DEE-4826-86AE-F276E1BD978D' or the scope is invalid. If access was recently granted, please refresh your credentials."
Production - S10,286f7c3f-377d-464f-8a92-c186399a2582,ratnavo.dutta-adm@blackbaud.me,UNKNOWN,CANNOT_READ_ROUTES,"HTTP 403: (AuthorizationFailed) The client 'ratnavo.dutta-adm@blackbaud.me' with object id 'fa0a95ad-a8c4-47d4-a482-14462fd7a320' does not have authorization to perform action 'Microsoft.Network/networkInterfaces/effectiveRouteTable/action' over scope '/subscriptions/286f7c3f-377d-464f-8a92-c186399a2582/resourceGroups/S10ABGF01DBS01RG/providers/Microsoft.Network/networkInterfaces/S10ABGF01DBS02_PRIVATEENDPOINT-NIC' or the scope is invalid. If access was recently granted, please refresh your credentials.
Code: AuthorizationFailed
Message: The client 'ratnavo.dutta-adm@blackbaud.me' with object id 'fa0a95ad-a8c4-47d4-a482-14462fd7a320' does not have authorization to perform action 'Microsoft.Network/networkInterfaces/effectiveRouteTable/action' over scope '/subscriptions/286f7c3f-377d-464f-8a92-c186399a2582/resourceGroups/S10ABGF01DBS01RG/providers/Microsoft.Network/networkInterfaces/S10ABGF01DBS02_PRIVATEENDPOINT-NIC' or the scope is invalid. If access was recently granted, please refresh your credentials."
Production - S12,89dc57c8-df88-4356-be77-807e5a482226,ratnavo.dutta-adm@blackbaud.me,UNKNOWN,CANNOT_READ_ROUTES,"HTTP 403: (AuthorizationFailed) The client 'ratnavo.dutta-adm@blackbaud.me' with object id 'fa0a95ad-a8c4-47d4-a482-14462fd7a320' does not have authorization to perform action 'Microsoft.Network/networkInterfaces/effectiveRouteTable/action' over scope '/subscriptions/89dc57c8-df88-4356-be77-807e5a482226/resourceGroups/S12ARBK01RSV01BLKBRG/providers/Microsoft.Network/networkInterfaces/S12ARBK01RSV01BLKBARCHPEP.NIC.23E7CB4C-E0BC-471D-92F0-AB4729489AE2' or the scope is invalid. If access was recently granted, please refresh your credentials.
Code: AuthorizationFailed
Message: The client 'ratnavo.dutta-adm@blackbaud.me' with object id 'fa0a95ad-a8c4-47d4-a482-14462fd7a320' does not have authorization to perform action 'Microsoft.Network/networkInterfaces/effectiveRouteTable/action' over scope '/subscriptions/89dc57c8-df88-4356-be77-807e5a482226/resourceGroups/S12ARBK01RSV01BLKBRG/providers/Microsoft.Network/networkInterfaces/S12ARBK01RSV01BLKBARCHPEP.NIC.23E7CB4C-E0BC-471D-92F0-AB4729489AE2' or the scope is invalid. If access was recently granted, please refresh your credentials."
Production - S20,39a03bdf-ce1d-41ef-839d-ab040887a132,ratnavo.dutta-adm@blackbaud.me,UNKNOWN,CANNOT_READ_ROUTES,"HTTP 403: (AuthorizationFailed) The client 'ratnavo.dutta-adm@blackbaud.me' with object id 'fa0a95ad-a8c4-47d4-a482-14462fd7a320' does not have authorization to perform action 'Microsoft.Network/networkInterfaces/effectiveRouteTable/action' over scope '/subscriptions/39a03bdf-ce1d-41ef-839d-ab040887a132/resourceGroups/S20AOPS01MGH01BLKBRG/providers/Microsoft.Network/networkInterfaces/S20AOPS01MGH01BLKBNIC0' or the scope is invalid. If access was recently granted, please refresh your credentials.
Code: AuthorizationFailed
Message: The client 'ratnavo.dutta-adm@blackbaud.me' with object id 'fa0a95ad-a8c4-47d4-a482-14462fd7a320' does not have authorization to perform action 'Microsoft.Network/networkInterfaces/effectiveRouteTable/action' over scope '/subscriptions/39a03bdf-ce1d-41ef-839d-ab040887a132/resourceGroups/S20AOPS01MGH01BLKBRG/providers/Microsoft.Network/networkInterfaces/S20AOPS01MGH01BLKBNIC0' or the scope is invalid. If access was recently granted, please refresh your credentials."
Production - S21,69bc57af-732e-4b0a-aefc-5992160ca36c,ratnavo.dutta-adm@blackbaud.me,UNKNOWN,CANNOT_READ_ROUTES,"HTTP 403: (AuthorizationFailed) The client 'ratnavo.dutta-adm@blackbaud.me' with object id 'fa0a95ad-a8c4-47d4-a482-14462fd7a320' does not have authorization to perform action 'Microsoft.Network/networkInterfaces/effectiveRouteTable/action' over scope '/subscriptions/69bc57af-732e-4b0a-aefc-5992160ca36c/resourceGroups/S21ACTX01CNS04BLKBRG/providers/Microsoft.Network/networkInterfaces/S21ACTX01CNA04A609' or the scope is invalid. If access was recently granted, please refresh your credentials.
Code: AuthorizationFailed
Message: The client 'ratnavo.dutta-adm@blackbaud.me' with object id 'fa0a95ad-a8c4-47d4-a482-14462fd7a320' does not have authorization to perform action 'Microsoft.Network/networkInterfaces/effectiveRouteTable/action' over scope '/subscriptions/69bc57af-732e-4b0a-aefc-5992160ca36c/resourceGroups/S21ACTX01CNS04BLKBRG/providers/Microsoft.Network/networkInterfaces/S21ACTX01CNA04A609' or the scope is invalid. If access was recently granted, please refresh your credentials."
Production - S22,75f07d7f-0c13-406c-81d7-09ece0371691,ratnavo.dutta-adm@blackbaud.me,UNKNOWN,CANNOT_READ_ROUTES,"HTTP 403: (AuthorizationFailed) The client 'ratnavo.dutta-adm@blackbaud.me' with object id 'fa0a95ad-a8c4-47d4-a482-14462fd7a320' does not have authorization to perform action 'Microsoft.Network/networkInterfaces/effectiveRouteTable/action' over scope '/subscriptions/75f07d7f-0c13-406c-81d7-09ece0371691/resourceGroups/S22ACTX01CNS04BLKBRG/providers/Microsoft.Network/networkInterfaces/S22ACTX01CNA04A737' or the scope is invalid. If access was recently granted, please refresh your credentials.
Code: AuthorizationFailed
Message: The client 'ratnavo.dutta-adm@blackbaud.me' with object id 'fa0a95ad-a8c4-47d4-a482-14462fd7a320' does not have authorization to perform action 'Microsoft.Network/networkInterfaces/effectiveRouteTable/action' over scope '/subscriptions/75f07d7f-0c13-406c-81d7-09ece0371691/resourceGroups/S22ACTX01CNS04BLKBRG/providers/Microsoft.Network/networkInterfaces/S22ACTX01CNA04A737' or the scope is invalid. If access was recently granted, please refresh your credentials."
Production - S23,836028b0-c7c0-4475-af24-442c5189e404,ratnavo.dutta-adm@blackbaud.me,UNKNOWN,CANNOT_READ_ROUTES,"HTTP 403: (AuthorizationFailed) The client 'ratnavo.dutta-adm@blackbaud.me' with object id 'fa0a95ad-a8c4-47d4-a482-14462fd7a320' does not have authorization to perform action 'Microsoft.Network/networkInterfaces/effectiveRouteTable/action' over scope '/subscriptions/836028b0-c7c0-4475-af24-442c5189e404/resourceGroups/S23ACTX01CNS04BLKBRG/providers/Microsoft.Network/networkInterfaces/S23ACTX01CNA04A402' or the scope is invalid. If access was recently granted, please refresh your credentials.
Code: AuthorizationFailed
Message: The client 'ratnavo.dutta-adm@blackbaud.me' with object id 'fa0a95ad-a8c4-47d4-a482-14462fd7a320' does not have authorization to perform action 'Microsoft.Network/networkInterfaces/effectiveRouteTable/action' over scope '/subscriptions/836028b0-c7c0-4475-af24-442c5189e404/resourceGroups/S23ACTX01CNS04BLKBRG/providers/Microsoft.Network/networkInterfaces/S23ACTX01CNA04A402' or the scope is invalid. If access was recently granted, please refresh your credentials."
Production - S24,d39c1190-e903-4a60-b4e3-8d6b999f6f15,ratnavo.dutta-adm@blackbaud.me,UNKNOWN,CANNOT_READ_ROUTES,"HTTP 403: (AuthorizationFailed) The client 'ratnavo.dutta-adm@blackbaud.me' with object id 'fa0a95ad-a8c4-47d4-a482-14462fd7a320' does not have authorization to perform action 'Microsoft.Network/networkInterfaces/effectiveRouteTable/action' over scope '/subscriptions/d39c1190-e903-4a60-b4e3-8d6b999f6f15/resourceGroups/S24ACTX01CNS04BLKBRG/providers/Microsoft.Network/networkInterfaces/S24ACTX01CNS04BLKBNIC0A' or the scope is invalid. If access was recently granted, please refresh your credentials.
Code: AuthorizationFailed
Message: The client 'ratnavo.dutta-adm@blackbaud.me' with object id 'fa0a95ad-a8c4-47d4-a482-14462fd7a320' does not have authorization to perform action 'Microsoft.Network/networkInterfaces/effectiveRouteTable/action' over scope '/subscriptions/d39c1190-e903-4a60-b4e3-8d6b999f6f15/resourceGroups/S24ACTX01CNS04BLKBRG/providers/Microsoft.Network/networkInterfaces/S24ACTX01CNS04BLKBNIC0A' or the scope is invalid. If access was recently granted, please refresh your credentials."
Production - S26,34659578-4332-4feb-a83b-f926816041e7,ratnavo.dutta-adm@blackbaud.me,UNKNOWN,CANNOT_READ_ROUTES,"HTTP 403: (AuthorizationFailed) The client 'ratnavo.dutta-adm@blackbaud.me' with object id 'fa0a95ad-a8c4-47d4-a482-14462fd7a320' does not have authorization to perform action 'Microsoft.Network/networkInterfaces/effectiveRouteTable/action' over scope '/subscriptions/34659578-4332-4feb-a83b-f926816041e7/resourceGroups/S26ACRM16FTP01BLKBRG/providers/Microsoft.Network/networkInterfaces/S26ACRMFTP01BLKBNIC0A' or the scope is invalid. If access was recently granted, please refresh your credentials.
Code: AuthorizationFailed
Message: The client 'ratnavo.dutta-adm@blackbaud.me' with object id 'fa0a95ad-a8c4-47d4-a482-14462fd7a320' does not have authorization to perform action 'Microsoft.Network/networkInterfaces/effectiveRouteTable/action' over scope '/subscriptions/34659578-4332-4feb-a83b-f926816041e7/resourceGroups/S26ACRM16FTP01BLKBRG/providers/Microsoft.Network/networkInterfaces/S26ACRMFTP01BLKBNIC0A' or the scope is invalid. If access was recently granted, please refresh your credentials."
Production - S27,ccde8cc3-282b-40fb-a6ae-ca8665e17f95,ratnavo.dutta-adm@blackbaud.me,UNKNOWN,CANNOT_READ_ROUTES,"HTTP 403: (AuthorizationFailed) The client 'ratnavo.dutta-adm@blackbaud.me' with object id 'fa0a95ad-a8c4-47d4-a482-14462fd7a320' does not have authorization to perform action 'Microsoft.Network/networkInterfaces/effectiveRouteTable/action' over scope '/subscriptions/ccde8cc3-282b-40fb-a6ae-ca8665e17f95/resourceGroups/S27AOPS01ADS01BLKBRG/providers/Microsoft.Network/networkInterfaces/S27AOPS01ADS03BLKBNIC0' or the scope is invalid. If access was recently granted, please refresh your credentials.
Code: AuthorizationFailed
Message: The client 'ratnavo.dutta-adm@blackbaud.me' with object id 'fa0a95ad-a8c4-47d4-a482-14462fd7a320' does not have authorization to perform action 'Microsoft.Network/networkInterfaces/effectiveRouteTable/action' over scope '/subscriptions/ccde8cc3-282b-40fb-a6ae-ca8665e17f95/resourceGroups/S27AOPS01ADS01BLKBRG/providers/Microsoft.Network/networkInterfaces/S27AOPS01ADS03BLKBNIC0' or the scope is invalid. If access was recently granted, please refresh your credentials."
Production - S28,64e519bc-cea1-4942-b0ad-8f0eefc9ba6a,ratnavo.dutta-adm@blackbaud.me,UNKNOWN,CANNOT_READ_ROUTES,"HTTP 403: (AuthorizationFailed) The client 'ratnavo.dutta-adm@blackbaud.me' with object id 'fa0a95ad-a8c4-47d4-a482-14462fd7a320' does not have authorization to perform action 'Microsoft.Network/networkInterfaces/effectiveRouteTable/action' over scope '/subscriptions/64e519bc-cea1-4942-b0ad-8f0eefc9ba6a/resourceGroups/S28AOPS01ADS01BLKBRG/providers/Microsoft.Network/networkInterfaces/S28AOPS01ADS03BLKBNIC0' or the scope is invalid. If access was recently granted, please refresh your credentials.
Code: AuthorizationFailed
Message: The client 'ratnavo.dutta-adm@blackbaud.me' with object id 'fa0a95ad-a8c4-47d4-a482-14462fd7a320' does not have authorization to perform action 'Microsoft.Network/networkInterfaces/effectiveRouteTable/action' over scope '/subscriptions/64e519bc-cea1-4942-b0ad-8f0eefc9ba6a/resourceGroups/S28AOPS01ADS01BLKBRG/providers/Microsoft.Network/networkInterfaces/S28AOPS01ADS03BLKBNIC0' or the scope is invalid. If access was recently granted, please refresh your credentials."
Production - S29,f74455e7-c211-4447-bf4a-637ea72160ea,ratnavo.dutta-adm@blackbaud.me,UNKNOWN,CANNOT_READ_ROUTES,"HTTP 403: (AuthorizationFailed) The client 'ratnavo.dutta-adm@blackbaud.me' with object id 'fa0a95ad-a8c4-47d4-a482-14462fd7a320' does not have authorization to perform action 'Microsoft.Network/networkInterfaces/effectiveRouteTable/action' over scope '/subscriptions/f74455e7-c211-4447-bf4a-637ea72160ea/resourceGroups/S29ACRM01WEB01BLKBRG/providers/Microsoft.Network/networkInterfaces/S29ACRM01WEB01BLKBNIC0C' or the scope is invalid. If access was recently granted, please refresh your credentials.
Code: AuthorizationFailed
Message: The client 'ratnavo.dutta-adm@blackbaud.me' with object id 'fa0a95ad-a8c4-47d4-a482-14462fd7a320' does not have authorization to perform action 'Microsoft.Network/networkInterfaces/effectiveRouteTable/action' over scope '/subscriptions/f74455e7-c211-4447-bf4a-637ea72160ea/resourceGroups/S29ACRM01WEB01BLKBRG/providers/Microsoft.Network/networkInterfaces/S29ACRM01WEB01BLKBNIC0C' or the scope is invalid. If access was recently granted, please refresh your credentials."
Production - S36,c06b2481-54fa-4354-816f-935ce4283ee6,ratnavo.dutta-adm@blackbaud.me,UNKNOWN,CANNOT_READ_ROUTES,"HTTP 403: (AuthorizationFailed) The client 'ratnavo.dutta-adm@blackbaud.me' with object id 'fa0a95ad-a8c4-47d4-a482-14462fd7a320' does not have authorization to perform action 'Microsoft.Network/networkInterfaces/effectiveRouteTable/action' over scope '/subscriptions/c06b2481-54fa-4354-816f-935ce4283ee6/resourceGroups/S36AOPS01MGH01BLKBRG/providers/Microsoft.Network/networkInterfaces/S36AOPS01MGH01BLKBNIC0' or the scope is invalid. If access was recently granted, please refresh your credentials.
Code: AuthorizationFailed
Message: The client 'ratnavo.dutta-adm@blackbaud.me' with object id 'fa0a95ad-a8c4-47d4-a482-14462fd7a320' does not have authorization to perform action 'Microsoft.Network/networkInterfaces/effectiveRouteTable/action' over scope '/subscriptions/c06b2481-54fa-4354-816f-935ce4283ee6/resourceGroups/S36AOPS01MGH01BLKBRG/providers/Microsoft.Network/networkInterfaces/S36AOPS01MGH01BLKBNIC0' or the scope is invalid. If access was recently granted, please refresh your credentials."
Production - S40,594b1ca6-9e11-4d85-9baf-1f1deaabba1c,ratnavo.dutta-adm@blackbaud.me,UNKNOWN,CANNOT_READ_ROUTES,"HTTP 403: (AuthorizationFailed) The client 'ratnavo.dutta-adm@blackbaud.me' with object id 'fa0a95ad-a8c4-47d4-a482-14462fd7a320' does not have authorization to perform action 'Microsoft.Network/networkInterfaces/effectiveRouteTable/action' over scope '/subscriptions/594b1ca6-9e11-4d85-9baf-1f1deaabba1c/resourceGroups/S40ACSR01LBM01BLKBRG/providers/Microsoft.Network/networkInterfaces/S40ACSR01LBM01BLKBGNIC' or the scope is invalid. If access was recently granted, please refresh your credentials.
Code: AuthorizationFailed
Message: The client 'ratnavo.dutta-adm@blackbaud.me' with object id 'fa0a95ad-a8c4-47d4-a482-14462fd7a320' does not have authorization to perform action 'Microsoft.Network/networkInterfaces/effectiveRouteTable/action' over scope '/subscriptions/594b1ca6-9e11-4d85-9baf-1f1deaabba1c/resourceGroups/S40ACSR01LBM01BLKBRG/providers/Microsoft.Network/networkInterfaces/S40ACSR01LBM01BLKBGNIC' or the scope is invalid. If access was recently granted, please refresh your credentials."
Production - S41,6bc7702e-87d1-42be-aa65-b984d750231d,ratnavo.dutta-adm@blackbaud.me,UNKNOWN,CANNOT_READ_ROUTES,"HTTP 403: (AuthorizationFailed) The client 'ratnavo.dutta-adm@blackbaud.me' with object id 'fa0a95ad-a8c4-47d4-a482-14462fd7a320' does not have authorization to perform action 'Microsoft.Network/networkInterfaces/effectiveRouteTable/action' over scope '/subscriptions/6bc7702e-87d1-42be-aa65-b984d750231d/resourceGroups/S41ACTX01CNS04BLKBRG/providers/Microsoft.Network/networkInterfaces/S41ACTX01CNA04A513' or the scope is invalid. If access was recently granted, please refresh your credentials.
Code: AuthorizationFailed
Message: The client 'ratnavo.dutta-adm@blackbaud.me' with object id 'fa0a95ad-a8c4-47d4-a482-14462fd7a320' does not have authorization to perform action 'Microsoft.Network/networkInterfaces/effectiveRouteTable/action' over scope '/subscriptions/6bc7702e-87d1-42be-aa65-b984d750231d/resourceGroups/S41ACTX01CNS04BLKBRG/providers/Microsoft.Network/networkInterfaces/S41ACTX01CNA04A513' or the scope is invalid. If access was recently granted, please refresh your credentials."
Production - S42,bdaa1b3a-cfcf-4fca-ad6f-d36654ff44f5,ratnavo.dutta-adm@blackbaud.me,UNKNOWN,CANNOT_READ_ROUTES,"HTTP 403: (AuthorizationFailed) The client 'ratnavo.dutta-adm@blackbaud.me' with object id 'fa0a95ad-a8c4-47d4-a482-14462fd7a320' does not have authorization to perform action 'Microsoft.Network/networkInterfaces/effectiveRouteTable/action' over scope '/subscriptions/bdaa1b3a-cfcf-4fca-ad6f-d36654ff44f5/resourceGroups/S42ACSR01RDS01BLKBRG/providers/Microsoft.Network/networkInterfaces/S42ACSR01RDS01BLKBPE.NIC.8A7B11E4-4B6C-44D9-9512-C184EF43093F' or the scope is invalid. If access was recently granted, please refresh your credentials.
Code: AuthorizationFailed
Message: The client 'ratnavo.dutta-adm@blackbaud.me' with object id 'fa0a95ad-a8c4-47d4-a482-14462fd7a320' does not have authorization to perform action 'Microsoft.Network/networkInterfaces/effectiveRouteTable/action' over scope '/subscriptions/bdaa1b3a-cfcf-4fca-ad6f-d36654ff44f5/resourceGroups/S42ACSR01RDS01BLKBRG/providers/Microsoft.Network/networkInterfaces/S42ACSR01RDS01BLKBPE.NIC.8A7B11E4-4B6C-44D9-9512-C184EF43093F' or the scope is invalid. If access was recently granted, please refresh your credentials."
Production - S45,6fa24ab6-2af5-4ab2-aef0-f5446b043476,ratnavo.dutta-adm@blackbaud.me,UNKNOWN,CANNOT_READ_ROUTES,"HTTP 403: (AuthorizationFailed) The client 'ratnavo.dutta-adm@blackbaud.me' with object id 'fa0a95ad-a8c4-47d4-a482-14462fd7a320' does not have authorization to perform action 'Microsoft.Network/networkInterfaces/effectiveRouteTable/action' over scope '/subscriptions/6fa24ab6-2af5-4ab2-aef0-f5446b043476/resourceGroups/RG-PROD-US-GOMANAGEMENT-001/providers/Microsoft.Network/networkInterfaces/S45AGMK01GMG01BLKBNIC0' or the scope is invalid. If access was recently granted, please refresh your credentials.
Code: AuthorizationFailed
Message: The client 'ratnavo.dutta-adm@blackbaud.me' with object id 'fa0a95ad-a8c4-47d4-a482-14462fd7a320' does not have authorization to perform action 'Microsoft.Network/networkInterfaces/effectiveRouteTable/action' over scope '/subscriptions/6fa24ab6-2af5-4ab2-aef0-f5446b043476/resourceGroups/RG-PROD-US-GOMANAGEMENT-001/providers/Microsoft.Network/networkInterfaces/S45AGMK01GMG01BLKBNIC0' or the scope is invalid. If access was recently granted, please refresh your credentials."
Production - S46,3bcaa40f-3d9b-4e6d-9218-abb0caf87bd3,ratnavo.dutta-adm@blackbaud.me,UNKNOWN,CANNOT_READ_ROUTES,"HTTP 403: (AuthorizationFailed) The client 'ratnavo.dutta-adm@blackbaud.me' with object id 'fa0a95ad-a8c4-47d4-a482-14462fd7a320' does not have authorization to perform action 'Microsoft.Network/networkInterfaces/effectiveRouteTable/action' over scope '/subscriptions/3bcaa40f-3d9b-4e6d-9218-abb0caf87bd3/resourceGroups/RG-PROD-AU-GOMANAGEMENT-001/providers/Microsoft.Network/networkInterfaces/S46AGMK01GMG01BLKBNIC0' or the scope is invalid. If access was recently granted, please refresh your credentials.
Code: AuthorizationFailed
Message: The client 'ratnavo.dutta-adm@blackbaud.me' with object id 'fa0a95ad-a8c4-47d4-a482-14462fd7a320' does not have authorization to perform action 'Microsoft.Network/networkInterfaces/effectiveRouteTable/action' over scope '/subscriptions/3bcaa40f-3d9b-4e6d-9218-abb0caf87bd3/resourceGroups/RG-PROD-AU-GOMANAGEMENT-001/providers/Microsoft.Network/networkInterfaces/S46AGMK01GMG01BLKBNIC0' or the scope is invalid. If access was recently granted, please refresh your credentials."
Production - S47,530a7eee-f22d-4641-bb2d-5911586ac2d7,ratnavo.dutta-adm@blackbaud.me,UNKNOWN,CANNOT_READ_ROUTES,"HTTP 403: (AuthorizationFailed) The client 'ratnavo.dutta-adm@blackbaud.me' with object id 'fa0a95ad-a8c4-47d4-a482-14462fd7a320' does not have authorization to perform action 'Microsoft.Network/networkInterfaces/effectiveRouteTable/action' over scope '/subscriptions/530a7eee-f22d-4641-bb2d-5911586ac2d7/resourceGroups/RG-PROD-CA-GOMANAGEMENT-001/providers/Microsoft.Network/networkInterfaces/S47AGMK01GMG01BLKBNIC0' or the scope is invalid. If access was recently granted, please refresh your credentials.
Code: AuthorizationFailed
Message: The client 'ratnavo.dutta-adm@blackbaud.me' with object id 'fa0a95ad-a8c4-47d4-a482-14462fd7a320' does not have authorization to perform action 'Microsoft.Network/networkInterfaces/effectiveRouteTable/action' over scope '/subscriptions/530a7eee-f22d-4641-bb2d-5911586ac2d7/resourceGroups/RG-PROD-CA-GOMANAGEMENT-001/providers/Microsoft.Network/networkInterfaces/S47AGMK01GMG01BLKBNIC0' or the scope is invalid. If access was recently granted, please refresh your credentials."
Production - S48,7044fc36-532d-4775-b808-1e4a4c744936,ratnavo.dutta-adm@blackbaud.me,UNKNOWN,CANNOT_READ_ROUTES,"HTTP 403: (AuthorizationFailed) The client 'ratnavo.dutta-adm@blackbaud.me' with object id 'fa0a95ad-a8c4-47d4-a482-14462fd7a320' does not have authorization to perform action 'Microsoft.Network/networkInterfaces/effectiveRouteTable/action' over scope '/subscriptions/7044fc36-532d-4775-b808-1e4a4c744936/resourceGroups/RG-PROD-EU-MANAGEMENT-AUTOMATION-001/providers/Microsoft.Network/networkInterfaces/S48AGMK01MHB01BLKBNIC0' or the scope is invalid. If access was recently granted, please refresh your credentials.
Code: AuthorizationFailed
Message: The client 'ratnavo.dutta-adm@blackbaud.me' with object id 'fa0a95ad-a8c4-47d4-a482-14462fd7a320' does not have authorization to perform action 'Microsoft.Network/networkInterfaces/effectiveRouteTable/action' over scope '/subscriptions/7044fc36-532d-4775-b808-1e4a4c744936/resourceGroups/RG-PROD-EU-MANAGEMENT-AUTOMATION-001/providers/Microsoft.Network/networkInterfaces/S48AGMK01MHB01BLKBNIC0' or the scope is invalid. If access was recently granted, please refresh your credentials."
Production - S51,2f7f1889-03f5-42e0-bad3-f75abc161562,ratnavo.dutta-adm@blackbaud.me,UNKNOWN,CANNOT_READ_ROUTES,"HTTP 403: (AuthorizationFailed) The client 'ratnavo.dutta-adm@blackbaud.me' with object id 'fa0a95ad-a8c4-47d4-a482-14462fd7a320' does not have authorization to perform action 'Microsoft.Network/networkInterfaces/effectiveRouteTable/action' over scope '/subscriptions/2f7f1889-03f5-42e0-bad3-f75abc161562/resourceGroups/S51ACTX01CNS04BLKBRG/providers/Microsoft.Network/networkInterfaces/S51ACTX01CNA04A313' or the scope is invalid. If access was recently granted, please refresh your credentials.
Code: AuthorizationFailed
Message: The client 'ratnavo.dutta-adm@blackbaud.me' with object id 'fa0a95ad-a8c4-47d4-a482-14462fd7a320' does not have authorization to perform action 'Microsoft.Network/networkInterfaces/effectiveRouteTable/action' over scope '/subscriptions/2f7f1889-03f5-42e0-bad3-f75abc161562/resourceGroups/S51ACTX01CNS04BLKBRG/providers/Microsoft.Network/networkInterfaces/S51ACTX01CNA04A313' or the scope is invalid. If access was recently granted, please refresh your credentials."
Production - S52,f6be8641-4615-4e86-986e-eb3c3764d53c,ratnavo.dutta-adm@blackbaud.me,UNKNOWN,CANNOT_READ_ROUTES,"HTTP 403: (AuthorizationFailed) The client 'ratnavo.dutta-adm@blackbaud.me' with object id 'fa0a95ad-a8c4-47d4-a482-14462fd7a320' does not have authorization to perform action 'Microsoft.Network/networkInterfaces/effectiveRouteTable/action' over scope '/subscriptions/f6be8641-4615-4e86-986e-eb3c3764d53c/resourceGroups/S52ACTX01CNS04BLKBRG/providers/Microsoft.Network/networkInterfaces/S52ACTX01CNA04A782' or the scope is invalid. If access was recently granted, please refresh your credentials.
Code: AuthorizationFailed
Message: The client 'ratnavo.dutta-adm@blackbaud.me' with object id 'fa0a95ad-a8c4-47d4-a482-14462fd7a320' does not have authorization to perform action 'Microsoft.Network/networkInterfaces/effectiveRouteTable/action' over scope '/subscriptions/f6be8641-4615-4e86-986e-eb3c3764d53c/resourceGroups/S52ACTX01CNS04BLKBRG/providers/Microsoft.Network/networkInterfaces/S52ACTX01CNA04A782' or the scope is invalid. If access was recently granted, please refresh your credentials."
Production - S53,399dd175-aa73-41a0-8640-ef37a5eabbc1,ratnavo.dutta-adm@blackbaud.me,UNKNOWN,CANNOT_READ_ROUTES,"HTTP 403: (AuthorizationFailed) The client 'ratnavo.dutta-adm@blackbaud.me' with object id 'fa0a95ad-a8c4-47d4-a482-14462fd7a320' does not have authorization to perform action 'Microsoft.Network/networkInterfaces/effectiveRouteTable/action' over scope '/subscriptions/399dd175-aa73-41a0-8640-ef37a5eabbc1/resourceGroups/S53AOPS01ADS01BLKBRG/providers/Microsoft.Network/networkInterfaces/S53AOPS01ADS03BLKBNIC0' or the scope is invalid. If access was recently granted, please refresh your credentials.
Code: AuthorizationFailed
Message: The client 'ratnavo.dutta-adm@blackbaud.me' with object id 'fa0a95ad-a8c4-47d4-a482-14462fd7a320' does not have authorization to perform action 'Microsoft.Network/networkInterfaces/effectiveRouteTable/action' over scope '/subscriptions/399dd175-aa73-41a0-8640-ef37a5eabbc1/resourceGroups/S53AOPS01ADS01BLKBRG/providers/Microsoft.Network/networkInterfaces/S53AOPS01ADS03BLKBNIC0' or the scope is invalid. If access was recently granted, please refresh your credentials."
Production - S54,47dbdbb3-c892-4b57-9fd1-7b48b841ed2f,ratnavo.dutta-adm@blackbaud.me,UNKNOWN,CANNOT_READ_ROUTES,"HTTP 403: (AuthorizationFailed) The client 'ratnavo.dutta-adm@blackbaud.me' with object id 'fa0a95ad-a8c4-47d4-a482-14462fd7a320' does not have authorization to perform action 'Microsoft.Network/networkInterfaces/effectiveRouteTable/action' over scope '/subscriptions/47dbdbb3-c892-4b57-9fd1-7b48b841ed2f/resourceGroups/S54AOPS01ADS01BLKBRG/providers/Microsoft.Network/networkInterfaces/S54AOPS01ADS03BLKBNIC0' or the scope is invalid. If access was recently granted, please refresh your credentials.
Code: AuthorizationFailed
Message: The client 'ratnavo.dutta-adm@blackbaud.me' with object id 'fa0a95ad-a8c4-47d4-a482-14462fd7a320' does not have authorization to perform action 'Microsoft.Network/networkInterfaces/effectiveRouteTable/action' over scope '/subscriptions/47dbdbb3-c892-4b57-9fd1-7b48b841ed2f/resourceGroups/S54AOPS01ADS01BLKBRG/providers/Microsoft.Network/networkInterfaces/S54AOPS01ADS03BLKBNIC0' or the scope is invalid. If access was recently granted, please refresh your credentials."
Production - S55,f9dc4235-3e35-4f58-b59c-c09fb3e680c1,ratnavo.dutta-adm@blackbaud.me,UNKNOWN,CANNOT_READ_ROUTES,"HTTP 403: (AuthorizationFailed) The client 'ratnavo.dutta-adm@blackbaud.me' with object id 'fa0a95ad-a8c4-47d4-a482-14462fd7a320' does not have authorization to perform action 'Microsoft.Network/networkInterfaces/effectiveRouteTable/action' over scope '/subscriptions/f9dc4235-3e35-4f58-b59c-c09fb3e680c1/resourceGroups/S55ABAK01DBS01BLKBRG/providers/Microsoft.Network/networkInterfaces/S55ABAK01DBS01BLKBNIC0A' or the scope is invalid. If access was recently granted, please refresh your credentials.
Code: AuthorizationFailed
Message: The client 'ratnavo.dutta-adm@blackbaud.me' with object id 'fa0a95ad-a8c4-47d4-a482-14462fd7a320' does not have authorization to perform action 'Microsoft.Network/networkInterfaces/effectiveRouteTable/action' over scope '/subscriptions/f9dc4235-3e35-4f58-b59c-c09fb3e680c1/resourceGroups/S55ABAK01DBS01BLKBRG/providers/Microsoft.Network/networkInterfaces/S55ABAK01DBS01BLKBNIC0A' or the scope is invalid. If access was recently granted, please refresh your credentials."
Production - S57,e06cc136-f8d5-429f-950d-9441dc4a03a0,ratnavo.dutta-adm@blackbaud.me,UNKNOWN,CANNOT_READ_ROUTES,"HTTP 403: (AuthorizationFailed) The client 'ratnavo.dutta-adm@blackbaud.me' with object id 'fa0a95ad-a8c4-47d4-a482-14462fd7a320' does not have authorization to perform action 'Microsoft.Network/networkInterfaces/effectiveRouteTable/action' over scope '/subscriptions/e06cc136-f8d5-429f-950d-9441dc4a03a0/resourceGroups/S57AOPS01ADS01BLKBRG/providers/Microsoft.Network/networkInterfaces/S57AOPS01ADS01BLKBNIC0' or the scope is invalid. If access was recently granted, please refresh your credentials.
Code: AuthorizationFailed
Message: The client 'ratnavo.dutta-adm@blackbaud.me' with object id 'fa0a95ad-a8c4-47d4-a482-14462fd7a320' does not have authorization to perform action 'Microsoft.Network/networkInterfaces/effectiveRouteTable/action' over scope '/subscriptions/e06cc136-f8d5-429f-950d-9441dc4a03a0/resourceGroups/S57AOPS01ADS01BLKBRG/providers/Microsoft.Network/networkInterfaces/S57AOPS01ADS01BLKBNIC0' or the scope is invalid. If access was recently granted, please refresh your credentials."
Production - S60,9bda8dc1-6aaf-49f9-b617-b6a66085f83a,ratnavo.dutta-adm@blackbaud.me,UNKNOWN,CANNOT_READ_ROUTES,"HTTP 403: (AuthorizationFailed) The client 'ratnavo.dutta-adm@blackbaud.me' with object id 'fa0a95ad-a8c4-47d4-a482-14462fd7a320' does not have authorization to perform action 'Microsoft.Network/networkInterfaces/effectiveRouteTable/action' over scope '/subscriptions/9bda8dc1-6aaf-49f9-b617-b6a66085f83a/resourceGroups/S60ALOC00NFS01RG/providers/Microsoft.Network/networkInterfaces/S60ALOC00NFS01-1-NETWORK-INTERFACE-EXTERNAL' or the scope is invalid. If access was recently granted, please refresh your credentials.
Code: AuthorizationFailed
Message: The client 'ratnavo.dutta-adm@blackbaud.me' with object id 'fa0a95ad-a8c4-47d4-a482-14462fd7a320' does not have authorization to perform action 'Microsoft.Network/networkInterfaces/effectiveRouteTable/action' over scope '/subscriptions/9bda8dc1-6aaf-49f9-b617-b6a66085f83a/resourceGroups/S60ALOC00NFS01RG/providers/Microsoft.Network/networkInterfaces/S60ALOC00NFS01-1-NETWORK-INTERFACE-EXTERNAL' or the scope is invalid. If access was recently granted, please refresh your credentials."
Production - S91,c92db45e-cef9-4dc1-aec9-86fcd5b23a24,ratnavo.dutta-adm@blackbaud.me,UNKNOWN,CANNOT_READ_ROUTES,"HTTP 403: (AuthorizationFailed) The client 'ratnavo.dutta-adm@blackbaud.me' with object id 'fa0a95ad-a8c4-47d4-a482-14462fd7a320' does not have authorization to perform action 'Microsoft.Network/networkInterfaces/effectiveRouteTable/action' over scope '/subscriptions/c92db45e-cef9-4dc1-aec9-86fcd5b23a24/resourceGroups/S91AOPS01REQ/providers/Microsoft.Network/networkInterfaces/S90AOPS01SAN01BLKBPEN-NIC' or the scope is invalid. If access was recently granted, please refresh your credentials.
Code: AuthorizationFailed
Message: The client 'ratnavo.dutta-adm@blackbaud.me' with object id 'fa0a95ad-a8c4-47d4-a482-14462fd7a320' does not have authorization to perform action 'Microsoft.Network/networkInterfaces/effectiveRouteTable/action' over scope '/subscriptions/c92db45e-cef9-4dc1-aec9-86fcd5b23a24/resourceGroups/S91AOPS01REQ/providers/Microsoft.Network/networkInterfaces/S90AOPS01SAN01BLKBPEN-NIC' or the scope is invalid. If access was recently granted, please refresh your credentials."
QuadSCI,97d8f88d-d1a1-431d-a3de-4722636ca341,ratnavo.dutta-adm@blackbaud.me,UNKNOWN,CANNOT_READ_ROUTES,"HTTP 403: (AuthorizationFailed) The client 'ratnavo.dutta-adm@blackbaud.me' with object id 'fa0a95ad-a8c4-47d4-a482-14462fd7a320' does not have authorization to perform action 'Microsoft.Network/networkInterfaces/effectiveRouteTable/action' over scope '/subscriptions/97d8f88d-d1a1-431d-a3de-4722636ca341/resourceGroups/QUADSCI-MAIN/providers/Microsoft.Network/networkInterfaces/QUADSCI-DB-PE.NIC.012DF6DD-2053-4C67-8BC3-43A06A1A212D' or the scope is invalid. If access was recently granted, please refresh your credentials.
Code: AuthorizationFailed
Message: The client 'ratnavo.dutta-adm@blackbaud.me' with object id 'fa0a95ad-a8c4-47d4-a482-14462fd7a320' does not have authorization to perform action 'Microsoft.Network/networkInterfaces/effectiveRouteTable/action' over scope '/subscriptions/97d8f88d-d1a1-431d-a3de-4722636ca341/resourceGroups/QUADSCI-MAIN/providers/Microsoft.Network/networkInterfaces/QUADSCI-DB-PE.NIC.012DF6DD-2053-4C67-8BC3-43A06A1A212D' or the scope is invalid. If access was recently granted, please refresh your credentials."
Service Management Wordpress,19a8c784-29d0-45e3-939e-cce201b42948,ratnavo.dutta-adm@blackbaud.me,UNKNOWN,CANNOT_READ_ROUTES,"HTTP 403: (AuthorizationFailed) The client 'ratnavo.dutta-adm@blackbaud.me' with object id 'fa0a95ad-a8c4-47d4-a482-14462fd7a320' does not have authorization to perform action 'Microsoft.Network/networkInterfaces/effectiveRouteTable/action' over scope '/subscriptions/19a8c784-29d0-45e3-939e-cce201b42948/resourceGroups/WP1ANEXPOSE01BLKBRG/providers/Microsoft.Network/networkInterfaces/WP1ANEXPOSE01301' or the scope is invalid. If access was recently granted, please refresh your credentials.
Code: AuthorizationFailed
Message: The client 'ratnavo.dutta-adm@blackbaud.me' with object id 'fa0a95ad-a8c4-47d4-a482-14462fd7a320' does not have authorization to perform action 'Microsoft.Network/networkInterfaces/effectiveRouteTable/action' over scope '/subscriptions/19a8c784-29d0-45e3-939e-cce201b42948/resourceGroups/WP1ANEXPOSE01BLKBRG/providers/Microsoft.Network/networkInterfaces/WP1ANEXPOSE01301' or the scope is invalid. If access was recently granted, please refresh your credentials."
t-usa01,58eb6429-13d9-4966-bd31-8b49e15f6a09,ratnavo.dutta-adm@blackbaud.me,UNKNOWN,CANNOT_READ_ROUTES,"HTTP 403: (AuthorizationFailed) The client 'ratnavo.dutta-adm@blackbaud.me' with object id 'fa0a95ad-a8c4-47d4-a482-14462fd7a320' does not have authorization to perform action 'Microsoft.Network/networkInterfaces/effectiveRouteTable/action' over scope '/subscriptions/58eb6429-13d9-4966-bd31-8b49e15f6a09/resourceGroups/TUSA01AAKSV2BLKBRG/providers/Microsoft.Network/networkInterfaces/T01TUSA01AAAGV2BLKBSA01-BLOB-PE-NIC' or the scope is invalid. If access was recently granted, please refresh your credentials.
Code: AuthorizationFailed
Message: The client 'ratnavo.dutta-adm@blackbaud.me' with object id 'fa0a95ad-a8c4-47d4-a482-14462fd7a320' does not have authorization to perform action 'Microsoft.Network/networkInterfaces/effectiveRouteTable/action' over scope '/subscriptions/58eb6429-13d9-4966-bd31-8b49e15f6a09/resourceGroups/TUSA01AAKSV2BLKBRG/providers/Microsoft.Network/networkInterfaces/T01TUSA01AAAGV2BLKBSA01-BLOB-PE-NIC' or the scope is invalid. If access was recently granted, please refresh your credentials."
Test - T00,b61267f3-48ad-42e6-9f5e-848cc64fe331,ratnavo.dutta-adm@blackbaud.me,UNKNOWN,CANNOT_READ_ROUTES,"HTTP 403: (AuthorizationFailed) The client 'ratnavo.dutta-adm@blackbaud.me' with object id 'fa0a95ad-a8c4-47d4-a482-14462fd7a320' does not have authorization to perform action 'Microsoft.Network/networkInterfaces/effectiveRouteTable/action' over scope '/subscriptions/b61267f3-48ad-42e6-9f5e-848cc64fe331/resourceGroups/T00AOPS01OLS02BLKBRG/providers/Microsoft.Network/networkInterfaces/T00AOPS01OLS02BLKBNIC0A' or the scope is invalid. If access was recently granted, please refresh your credentials.
Code: AuthorizationFailed
Message: The client 'ratnavo.dutta-adm@blackbaud.me' with object id 'fa0a95ad-a8c4-47d4-a482-14462fd7a320' does not have authorization to perform action 'Microsoft.Network/networkInterfaces/effectiveRouteTable/action' over scope '/subscriptions/b61267f3-48ad-42e6-9f5e-848cc64fe331/resourceGroups/T00AOPS01OLS02BLKBRG/providers/Microsoft.Network/networkInterfaces/T00AOPS01OLS02BLKBNIC0A' or the scope is invalid. If access was recently granted, please refresh your credentials."
Test - T01,ed827500-5420-4aea-abd3-cf5b5aa97ed9,ratnavo.dutta-adm@blackbaud.me,UNKNOWN,CANNOT_READ_ROUTES,"HTTP 403: (AuthorizationFailed) The client 'ratnavo.dutta-adm@blackbaud.me' with object id 'fa0a95ad-a8c4-47d4-a482-14462fd7a320' does not have authorization to perform action 'Microsoft.Network/networkInterfaces/effectiveRouteTable/action' over scope '/subscriptions/ed827500-5420-4aea-abd3-cf5b5aa97ed9/resourceGroups/T01ACTX01CDA05BLKBRG/providers/Microsoft.Network/networkInterfaces/T01ACTX01CDA05BLKBNIC0A' or the scope is invalid. If access was recently granted, please refresh your credentials.
Code: AuthorizationFailed
Message: The client 'ratnavo.dutta-adm@blackbaud.me' with object id 'fa0a95ad-a8c4-47d4-a482-14462fd7a320' does not have authorization to perform action 'Microsoft.Network/networkInterfaces/effectiveRouteTable/action' over scope '/subscriptions/ed827500-5420-4aea-abd3-cf5b5aa97ed9/resourceGroups/T01ACTX01CDA05BLKBRG/providers/Microsoft.Network/networkInterfaces/T01ACTX01CDA05BLKBNIC0A' or the scope is invalid. If access was recently granted, please refresh your credentials."
Test - T07,68a6884b-5104-498c-aff1-cfcc392328df,ratnavo.dutta-adm@blackbaud.me,UNKNOWN,CANNOT_READ_ROUTES,"HTTP 403: (AuthorizationFailed) The client 'ratnavo.dutta-adm@blackbaud.me' with object id 'fa0a95ad-a8c4-47d4-a482-14462fd7a320' does not have authorization to perform action 'Microsoft.Network/networkInterfaces/effectiveRouteTable/action' over scope '/subscriptions/68a6884b-5104-498c-aff1-cfcc392328df/resourceGroups/T01AUT01LBV01RG/providers/Microsoft.Network/networkInterfaces/T07AUTL01LBV01.FPM.APP' or the scope is invalid. If access was recently granted, please refresh your credentials.
Code: AuthorizationFailed
Message: The client 'ratnavo.dutta-adm@blackbaud.me' with object id 'fa0a95ad-a8c4-47d4-a482-14462fd7a320' does not have authorization to perform action 'Microsoft.Network/networkInterfaces/effectiveRouteTable/action' over scope '/subscriptions/68a6884b-5104-498c-aff1-cfcc392328df/resourceGroups/T01AUT01LBV01RG/providers/Microsoft.Network/networkInterfaces/T07AUTL01LBV01.FPM.APP' or the scope is invalid. If access was recently granted, please refresh your credentials."
Test - T40,a652b44a-49fd-43a1-9536-492074df3f27,ratnavo.dutta-adm@blackbaud.me,UNKNOWN,CANNOT_READ_ROUTES,"HTTP 403: (AuthorizationFailed) The client 'ratnavo.dutta-adm@blackbaud.me' with object id 'fa0a95ad-a8c4-47d4-a482-14462fd7a320' does not have authorization to perform action 'Microsoft.Network/networkInterfaces/effectiveRouteTable/action' over scope '/subscriptions/a652b44a-49fd-43a1-9536-492074df3f27/resourceGroups/T40ACSR01SFTPGW01BLKBRG/providers/Microsoft.Network/networkInterfaces/T40ACSR01SFTPGW01BLKBNIC' or the scope is invalid. If access was recently granted, please refresh your credentials.
Code: AuthorizationFailed
Message: The client 'ratnavo.dutta-adm@blackbaud.me' with object id 'fa0a95ad-a8c4-47d4-a482-14462fd7a320' does not have authorization to perform action 'Microsoft.Network/networkInterfaces/effectiveRouteTable/action' over scope '/subscriptions/a652b44a-49fd-43a1-9536-492074df3f27/resourceGroups/T40ACSR01SFTPGW01BLKBRG/providers/Microsoft.Network/networkInterfaces/T40ACSR01SFTPGW01BLKBNIC' or the scope is invalid. If access was recently granted, please refresh your credentials."
Test - T45,ab39afd4-e656-4229-a072-8313cc291248,ratnavo.dutta-adm@blackbaud.me,UNKNOWN,CANNOT_READ_ROUTES,"HTTP 403: (AuthorizationFailed) The client 'ratnavo.dutta-adm@blackbaud.me' with object id 'fa0a95ad-a8c4-47d4-a482-14462fd7a320' does not have authorization to perform action 'Microsoft.Network/networkInterfaces/effectiveRouteTable/action' over scope '/subscriptions/ab39afd4-e656-4229-a072-8313cc291248/resourceGroups/RG-DR-US-GOMANAGEMENT-001/providers/Microsoft.Network/networkInterfaces/NIC-T45AGMK01GMG01-DR' or the scope is invalid. If access was recently granted, please refresh your credentials.
Code: AuthorizationFailed
Message: The client 'ratnavo.dutta-adm@blackbaud.me' with object id 'fa0a95ad-a8c4-47d4-a482-14462fd7a320' does not have authorization to perform action 'Microsoft.Network/networkInterfaces/effectiveRouteTable/action' over scope '/subscriptions/ab39afd4-e656-4229-a072-8313cc291248/resourceGroups/RG-DR-US-GOMANAGEMENT-001/providers/Microsoft.Network/networkInterfaces/NIC-T45AGMK01GMG01-DR' or the scope is invalid. If access was recently granted, please refresh your credentials."
Test - T60,c4ebd390-be1c-4684-ac0a-1917dbe747f7,ratnavo.dutta-adm@blackbaud.me,UNKNOWN,CANNOT_READ_ROUTES,"HTTP 403: (AuthorizationFailed) The client 'ratnavo.dutta-adm@blackbaud.me' with object id 'fa0a95ad-a8c4-47d4-a482-14462fd7a320' does not have authorization to perform action 'Microsoft.Network/networkInterfaces/effectiveRouteTable/action' over scope '/subscriptions/c4ebd390-be1c-4684-ac0a-1917dbe747f7/resourceGroups/T60ALOC01CNS01RG/providers/Microsoft.Network/networkInterfaces/T60ALOC01CNS01NIC01C' or the scope is invalid. If access was recently granted, please refresh your credentials.
Code: AuthorizationFailed
Message: The client 'ratnavo.dutta-adm@blackbaud.me' with object id 'fa0a95ad-a8c4-47d4-a482-14462fd7a320' does not have authorization to perform action 'Microsoft.Network/networkInterfaces/effectiveRouteTable/action' over scope '/subscriptions/c4ebd390-be1c-4684-ac0a-1917dbe747f7/resourceGroups/T60ALOC01CNS01RG/providers/Microsoft.Network/networkInterfaces/T60ALOC01CNS01NIC01C' or the scope is invalid. If access was recently granted, please refresh your credentials."
Yourcause - Dev and QA,3a3e015b-350b-4b91-b340-9b420ffe31d8,ratnavo.dutta-adm@blackbaud.me,UNKNOWN,CANNOT_READ_ROUTES,"HTTP 403: (AuthorizationFailed) The client 'ratnavo.dutta-adm@blackbaud.me' with object id 'fa0a95ad-a8c4-47d4-a482-14462fd7a320' does not have authorization to perform action 'Microsoft.Network/networkInterfaces/effectiveRouteTable/action' over scope '/subscriptions/3a3e015b-350b-4b91-b340-9b420ffe31d8/resourceGroups/DEFAULT-SQL-EASTUS/providers/Microsoft.Network/networkInterfaces/QA-GC-SQL-PE-NIC' or the scope is invalid. If access was recently granted, please refresh your credentials.
Code: AuthorizationFailed
Message: The client 'ratnavo.dutta-adm@blackbaud.me' with object id 'fa0a95ad-a8c4-47d4-a482-14462fd7a320' does not have authorization to perform action 'Microsoft.Network/networkInterfaces/effectiveRouteTable/action' over scope '/subscriptions/3a3e015b-350b-4b91-b340-9b420ffe31d8/resourceGroups/DEFAULT-SQL-EASTUS/providers/Microsoft.Network/networkInterfaces/QA-GC-SQL-PE-NIC' or the scope is invalid. If access was recently granted, please refresh your credentials."
YourCause - Production,76493216-5565-4111-acdb-46f019100159,ratnavo.dutta-adm@blackbaud.me,UNKNOWN,CANNOT_READ_ROUTES,"HTTP 403: (AuthorizationFailed) The client 'ratnavo.dutta-adm@blackbaud.me' with object id 'fa0a95ad-a8c4-47d4-a482-14462fd7a320' does not have authorization to perform action 'Microsoft.Network/networkInterfaces/effectiveRouteTable/action' over scope '/subscriptions/76493216-5565-4111-acdb-46f019100159/resourceGroups/Default-SQL-EastUS/providers/Microsoft.Network/networkInterfaces/GcSqlWestToGdgPartner-nic' or the scope is invalid. If access was recently granted, please refresh your credentials.
Code: AuthorizationFailed
Message: The client 'ratnavo.dutta-adm@blackbaud.me' with object id 'fa0a95ad-a8c4-47d4-a482-14462fd7a320' does not have authorization to perform action 'Microsoft.Network/networkInterfaces/effectiveRouteTable/action' over scope '/subscriptions/76493216-5565-4111-acdb-46f019100159/resourceGroups/Default-SQL-EastUS/providers/Microsoft.Network/networkInterfaces/GcSqlWestToGdgPartner-nic' or the scope is invalid. If access was recently granted, please refresh your credentials."
